{"model_info": {"features": ["age", "num_previous_seasons", "votes_against_last_3_eps", "times_in_danger", "final_n", "confessional_share_rolling_3", "elim_risk_rank"], "coefficients": [-0.3147805323759495, 0.14006792972712828, 0.02151311616491526, -0.40824754445035194, -0.40289020701656897, 0.39333762829706, 0.09590222428227893], "intercept": -0.20911453263576205, "scaler_means": [33.235852142623486, 0.2569512594046451, 0.5610075237160616, 0.46499836440955183, 13.153909061171083, 0.06304408436554713, 7.070984625449787], "scaler_stds": [9.995222126590535, 0.5709878113518266, 1.3675131732364132, 0.8437855772781248, 4.133805746111909, 0.053822662204228065, 4.434401614225287]}, "players": [{"season": 41, "castaway_id": "US0591", "castaway": "Abraham", "won_season": 0, "episode": [1], "prob_win": [0.03057822299639156], "prob_eliminated": [0.0603727717272171], "eliminated_this_episode": [1], "features": {"age": [51], "num_previous_seasons": [0], "votes_against_last_3_eps": [0], "times_in_danger": [0], "final_n": [18.0], "confessional_share_rolling_3": [0.0], "elim_risk_rank": [1.0]}}, {"season": 41, "castaway_id": "US0592", "castaway": "Sara", "won_season": 0, "episode": [1], "prob_win": [0.07225701814876502], "prob_eliminated": [0.057071594103702904], "eliminated_this_episode": [1], "features": {"age": [24], "num_previous_seasons": [0], "votes_against_last_3_eps": [0], "times_in_danger": [0], "final_n": [18.0], "confessional_share_rolling_3": [0.0], "elim_risk_rank": [15.0]}}, {"season": 41, "castaway_id": "US0593", "castaway": "Heather", "won_season": 0, "episode": [1, 2, 3, 4, 5, 6, 7, 8, 9, 10, 11, 12, 13], "prob_win": [0.030324793909932635, 0.031883145961990225, 0.033549247743265176, 0.03580997483737427, 0.042149554826624934, 0.04567462412191755, 0.04388133720971463, 0.04942441741223843, 0.044943238543027356, 0.0463839680304519, 0.05965639078123221, 0.06176060868360763, 0.08961069773772684], "prob_eliminated": [0.06019300023446726, 0.06860239903510713, 0.07664011882256834, 0.08411897109862135, 0.09927782639478039, 0.1075864437590416, 0.11251168376185186, 0.09071802544023633, 0.11613027157185321, 0.22809878583361584, 0.20455849852504784, 0.15847323777050465, 0.09658880650087362], "eliminated_this_episode": [0, 0, 0, 0, 0, 0, 0, 0, 0, 0, 0, 0, 1], "features": {"age": [52, 52, 52, 52, 52, 52, 52, 52, 52, 52, 52, 52, 52], "num_previous_seasons": [0, 0, 0, 0, 0, 0, 0, 0, 0, 0, 0, 0, 0], "votes_against_last_3_eps": [0, 0, 0, 0, 0, 0, 0, 0, 2, 5, 5, 3, 0], "times_in_danger": [0, 0, 0, 0, 0, 0, 0, 0, 1, 2, 2, 2, 2], "final_n": [18.0, 16.0, 15.0, 14.0, 13.0, 12.0, 12.0, 11.0, 10.0, 8.0, 7.0, 6.0, 5.0], "confessional_share_rolling_3": [0.0, 0.0136986301369863, 0.00684931506849315, 0.0045662100456621, 0.009009009009009009, 0.009009009009009009, 0.009009009009009009, 0.0, 0.02150537634408602, 0.04233870967741935, 0.04233870967741935, 0.020833333333333332, 0.044444444444444446], "elim_risk_rank": [2.0, 4.0, 3.0, 2.0, 3.0, 2.0, 2.0, 4.0, 4.0, 1.0, 2.0, 3.0, 4.0]}}, {"season": 41, "castaway_id": "US0594", "castaway": "Erika", "won_season": 1, "episode": [1, 2, 3, 4, 5, 6, 7, 8, 9, 10, 11, 12, 13], "prob_win": [0.05765669681143717, 0.058838244232738056, 0.05894332400027773, 0.06085232686280847, 0.06948212633455864, 0.07529805814547084, 0.08414117004859463, 0.10045395847438651, 0.11387351310178054, 0.13469195522808114, 0.1353033379045172, 0.17415237217183405, 0.24076397744609457], "prob_eliminated": [0.05773823265657919, 0.06580468261856787, 0.07351461123666464, 0.08068846386133698, 0.09522911660314651, 0.10319889515818706, 0.1079232759344241, 0.08701839812953116, 0.08007824699182899, 0.09866234338168034, 0.12327120037994192, 0.12975812559108105, 0.12908029229172335], "eliminated_this_episode": [0, 0, 0, 0, 0, 0, 0, 0, 0, 0, 0, 0, 0], "features": {"age": [32, 32, 32, 32, 32, 32, 32, 32, 32, 32, 32, 32, 32], "num_previous_seasons": [0, 0, 0, 0, 0, 0, 0, 0, 0, 0, 0, 0, 0], "votes_against_last_3_eps": [0, 0, 0, 0, 0, 0, 0, 0, 0, 0, 2, 2, 2], "times_in_danger": [0, 0, 0, 0, 0, 0, 0, 0, 0, 0, 1, 1, 1], "final_n": [18.0, 16.0, 15.0, 14.0, 13.0, 12.0, 12.0, 11.0, 10.0, 8.0, 7.0, 6.0, 5.0], "confessional_share_rolling_3": [0.0, 0.0273972602739726, 0.0136986301369863, 0.0091324200913242, 0.018018018018018018, 0.018018018018018018, 0.059684684684684686, 0.07341269841269842, 0.08416538658474142, 0.06333205325140809, 0.06862305854241338, 0.10787037037037035, 0.1537037037037037], "elim_risk_rank": [11.0, 10.0, 8.0, 6.0, 5.0, 5.0, 4.0, 6.0, 6.0, 6.0, 4.0, 4.0, 3.0]}}, {"season": 41, "castaway_id": "US0595", "castaway": "Genie", "won_season": 0, "episode": [1, 2, 3, 4, 5], "prob_win": [0.037403410338677695, 0.04046812313063296, 0.04097787885603964, 0.045264540953502394, 0.041030311519790176], "prob_eliminated": [0.05944682946821483, 0.06775198279974112, 0.07569006456435298, 0.08307620670946429, 0.11584815738459484], "eliminated_this_episode": [0, 0, 0, 0, 1], "features": {"age": [46, 46, 46, 46, 46], "num_previous_seasons": [0, 0, 0, 0, 0], "votes_against_last_3_eps": [0, 0, 0, 0, 1], "times_in_danger": [0, 0, 0, 0, 1], "final_n": [18.0, 16.0, 15.0, 14.0, 13.0], "confessional_share_rolling_3": [0.0, 0.0273972602739726, 0.0136986301369863, 0.01839167935058346, 0.0452952952952953], "elim_risk_rank": [5.0, 5.0, 4.0, 3.0, 2.0]}}, {"season": 41, "castaway_id": "US0596", "castaway": "Ricard", "won_season": 0, "episode": [1, 2, 3, 4, 5, 6, 7, 8, 9, 10, 11, 12, 13], "prob_win": [0.05718065580792259, 0.04547281251072334, 0.046796131423500524, 0.05581923748934595, 0.0582035549166129, 0.04468344177046152, 0.04878752533591221, 0.05319690391010694, 0.054739739386112964, 0.07209133691597922, 0.12233525064898114, 0.13852747417937356, 0.1696541945454711], "prob_eliminated": [0.05791135177324512, 0.0780197606707485, 0.08716085461172489, 0.05685214712458914, 0.05637113225822035, 0.12235532155663863, 0.12795667153375248, 0.17884503173630836, 0.14099732922732622, 0.17371917386685246, 0.2598047039614525, 0.40192066996520603, 0.5705249986992522], "eliminated_this_episode": [0, 0, 0, 0, 0, 0, 0, 0, 0, 0, 0, 0, 1], "features": {"age": [31, 31, 31, 31, 31, 31, 31, 31, 31, 31, 31, 31, 31], "num_previous_seasons": [0, 0, 0, 0, 0, 0, 0, 0, 0, 0, 0, 0, 0], "votes_against_last_3_eps": [0, 1, 1, 1, 0, 1, 1, 1, 0, 0, 0, 3, 3], "times_in_danger": [0, 1, 1, 1, 1, 2, 2, 2, 2, 2, 2, 3, 3], "final_n": [18.0, 16.0, 15.0, 14.0, 13.0, 12.0, 12.0, 11.0, 10.0, 8.0, 7.0, 6.0, 5.0], "confessional_share_rolling_3": [0.0, 0.0547945205479452, 0.044063926940639264, 0.03863521055301877, 0.029379379379379383, 0.047680032974150625, 0.0717541070482247, 0.06274509803921569, 0.04408602150537635, 0.04200268817204301, 0.11607676224611707, 0.17199074074074075, 0.16296296296296298], "elim_risk_rank": [9.0, 3.0, 2.0, 10.0, 9.0, 1.0, 1.0, 1.0, 2.0, 2.0, 1.0, 1.0, 1.0]}}, {"season": 41, "castaway_id": "US0597", "castaway": "Xander", "won_season": 0, "episode": [1, 2, 3, 4, 5, 6, 7, 8, 9, 10, 11, 12, 13], "prob_win": [0.08060693272821302, 0.08967997400800366, 0.10426322475970819, 0.09980839138934572, 0.10086796647738559, 0.09878936400486939, 0.10475723153833891, 0.1363736117277909, 0.1411996517866783, 0.1786362607718814, 0.1866866229842061, 0.20727297392517657, 0.24057172489281736], "prob_eliminated": [0.033198092675528985, 0.021975584863375065, 0.024550328542630225, 0.026946048738784617, 0.03180192427196954, 0.034463445276390905, 0.03604116021313616, 0.02905994097494346, 0.03817713487294317, 0.04703706351797865, 0.04218273697994849, 0.053551120850687, 0.05327137934883366], "eliminated_this_episode": [0, 0, 0, 0, 0, 0, 0, 0, 0, 0, 0, 0, 0], "features": {"age": [20, 20, 20, 20, 20, 20, 20, 20, 20, 20, 20, 20, 20], "num_previous_seasons": [0, 0, 0, 0, 0, 0, 0, 0, 0, 0, 0, 0, 0], "votes_against_last_3_eps": [0, 0, 0, 0, 0, 0, 0, 0, 2, 2, 2, 0, 0], "times_in_danger": [0, 0, 0, 0, 0, 0, 0, 0, 1, 1, 1, 1, 1], "final_n": [18.0, 16.0, 15.0, 14.0, 13.0, 12.0, 12.0, 11.0, 10.0, 8.0, 7.0, 6.0, 5.0],