{"model_info": {"features": ["age", "num_previous_seasons", "votes_against_last_3_eps", "times_in_danger", "final_n", "confessional_share_rolling_3", "elim_risk_rank"], "coefficients": [-0.30772150001270615, 0.12555886997073148, 0.015622318031754644, -0.36051866096008883, -0.3990552391566694, 0.38860681495277477, 0.09775273073371735], "intercept": -0.20082930223782428, "scaler_means": [33.104029824249956, 0.2249245517486242, 0.5494407953133321, 0.4562400142020238, 13.06958991656311, 0.06396439474818243, 7.030179300550328], "scaler_stds": [10.06346837808574, 0.5187793428393298, 1.3556648632548303, 0.8268809729046978, 4.133420202359259, 0.054649442761758656, 4.410819563756866]}, "players": [{"season": 38, "castaway_id": "US0429", "castaway": "Kelley", "won_season": 0, "episode": [1, 2, 3, 4, 5, 6, 7, 8, 9], "prob_win": [0.07503793532115748, 0.057447358145329, 0.05462934766111136, 0.0450992558004903, 0.06348947366651382, 0.07558192453623067, 0.06206991259354338, 0.05269050017703008, 0.0405512052880273], "prob_eliminated": [0.05098120719132286, 0.06300287518395506, 0.07918103801578213, 0.10956293501802769, 0.05545772894392428, 0.04972455783368039, 0.046328525362137316, 0.06770867475845013, 0.08129797194818059], "eliminated_this_episode": [0, 0, 0, 0, 0, 0, 0, 0, 1], "features": {"age": [32, 32, 32, 32, 32, 32, 32, 32, 32], "num_previous_seasons": [2, 2, 2, 2, 2, 2, 2, 2, 2], "votes_against_last_3_eps": [0, 1, 2, 4, 3, 2, 2, 4, 5], "times_in_danger": [0, 1, 2, 3, 3, 3, 4, 5, 6], "final_n": [18.0, 17.0, 16.0, 15.0, 14.0, 13.0, 12.0, 11.0, 10.0], "confessional_share_rolling_3": [0.0, 0.06896551724137931, 0.0916256157635468, 0.09049550854824688, 0.11051775548929249, 0.09711387541874576, 0.1069177969873732, 0.11152609191824876, 0.10905695611577965], "elim_risk_rank": [15.0, 3.0, 2.0, 2.0, 12.0, 12.0, 11.0, 10.0, 6.0]}}, {"season": 38, "castaway_id": "US0451", "castaway": "Joe", "won_season": 0, "episode": [1, 2, 3, 4, 5, 6], "prob_win": [0.08095102395443099, 0.08512841319560428, 0.0837972888281478, 0.08953678877946315, 0.09207121885511388, 0.1191540449441471], "prob_eliminated": [0.05024355284765087, 0.052314577541551964, 0.055550892896071166, 0.055437668418674, 0.06796918166854597, 0.07268683716841633], "eliminated_this_episode": [0, 0, 0, 0, 0, 1], "features": {"age": [29, 29, 29, 29, 29, 29], "num_previous_seasons": [2, 2, 2, 2, 2, 2], "votes_against_last_3_eps": [0, 0, 0, 0, 0, 0], "times_in_danger": [0, 0, 0, 0, 0, 0], "final_n": [18.0, 17.0, 16.0, 15.0, 14.0, 13.0], "confessional_share_rolling_3": [0.0, 0.06896551724137931, 0.034482758620689655, 0.03279242731575389, 0.020556609740670462, 0.032902288753016144], "elim_risk_rank": [17.0, 15.0, 13.0, 13.0, 11.0, 11.0]}}, {"season": 38, "castaway_id": "US0477", "castaway": "Aubry", "won_season": 0, "episode": [1, 2, 3, 4, 5], "prob_win": [0.07599438994978226, 0.07241863432178157, 0.08589349418294395, 0.09246492963595804, 0.10227552638017397], "prob_eliminated": [0.05070467322317225, 0.05279470516537566, 0.026437939995142812, 0.026384053877686376, 0.014922812153090758], "eliminated_this_episode": [0, 0, 0, 0, 1], "features": {"age": [32, 32, 32, 32, 32], "num_previous_seasons": [2, 2, 2, 2, 2], "votes_against_last_3_eps": [0, 0, 0, 0, 0], "times_in_danger": [0, 0, 0, 0, 0], "final_n": [18.0, 17.0, 16.0, 15.0, 14.0], "confessional_share_rolling_3": [0.0, 0.034482758620689655, 0.0458128078817734, 0.05014971505843716, 0.06016083852895996], "elim_risk_rank": [16.0, 14.0, 16.0, 15.0, 14.0]}}, {"season": 38, "castaway_id": "US0495", "castaway": "David", "won_season": 0, "episode": [1, 2, 3, 4, 5, 6, 7, 8, 9], "prob_win": [0.04906546932184849, 0.04973123965592967, 0.07089024219002774, 0.08495794454536226, 0.09061928647905466, 0.10098434811847425, 0.0674538116682868, 0.07219889226433758, 0.0720081872469279], "prob_eliminated": [0.056634180503077704, 0.058968625017707804, 0.06261657699491939, 0.06248895115783494, 0.07661438503234531, 0.08193209323544837, 0.1257707635372935, 0.12946584956490606, 0.1534398094070116], "eliminated_this_episode": [0, 0, 0, 0, 0, 0, 0, 0, 1], "features": {"age": [44, 44, 44, 44, 44, 44, 44, 44, 44], "num_previous_seasons": [1, 1, 1, 1, 1, 1, 1, 1, 1], "votes_against_last_3_eps": [0, 0, 0, 0, 0, 0, 3, 3, 4], "times_in_danger": [0, 0, 0, 0, 0, 0, 1, 1, 2], "final_n": [18.0, 17.0, 16.0, 15.0, 14.0, 13.0, 12.0, 11.0, 10.0], "confessional_share_rolling_3": [0.0, 0.034482758620689655, 0.08866995073891626, 0.11793682990437555, 0.11719526520285534, 0.0819218965961534, 0.05251013189027104, 0.04175744371822804, 0.0738562091503268], "elim_risk_rank": [13.0, 12.0, 12.0, 12.0, 10.0, 10.0, 2.0, 2.0, 1.0]}}, {"season": 38, "castaway_id": "US0557", "castaway": "Reem", "won_season": 0, "episode": [1], "prob_win": [0.0315886438485777], "prob_eliminated": [0.06165634987849557], "eliminated_this_episode": [1], "features": {"age": [46], "num_previous_seasons": [0], "votes_against_last_3_eps": [0], "times_in_danger": [0], "final_n": [18.0], "confessional_share_rolling_3": [0.0], "elim_risk_rank": [1.0]}}, {"season": 38, "castaway_id": "US0558", "castaway": "Keith", "won_season": 0, "episode": [1, 2], "prob_win": [0.07039618470176362, 0.10170918556173127], "prob_eliminated": [0.05654837587528187, 0.05887928354800998], "eliminated_this_episode": [0, 1], "features": {"age": [19, 19], "num_previous_seasons": [0, 0], "votes_against_last_3_eps": [0, 0], "times_in_danger": [0, 0], "final_n": [18.0, 17.0], "confessional_share_rolling_3": [0.0, 0.1724137931034483], "elim_risk_rank": [14.0, 13.0]}}, {"season": 38, "castaway_id": "US0559", "castaway": "Chris", "won_season": 1, "episode": [1, 2, 3, 13], "prob_win": [0.056678982933975705, 0.049897159091709074, 0.06420417534237383, 0.157167349370579], "prob_eliminated": [0.057890820737478456, 0.06027706359854884, 0.06400595897755426, 0.12601254103741277], "eliminated_this_episode": [0, 0, 0, 0], "features": {"age": [25, 25, 25, 25], "num_previous_seasons": [0, 0, 0, 0], "votes_against_last_3_eps": [0, 0, 0, 5], "times_in_danger": [0, 0, 0, 1], "final_n": [18.0, 17.0, 16.0, 5.0], "confessional_share_rolling_3": [0.0, 0.0, 0.02857142857142857, 0.028851540616246497], "elim_risk_rank": [7.0, 8.0, 8.0, 4.0]}}, {"season": 38, "castaway_id": "US0560", "castaway": "Rick", "won_season": 0, "episode": [1, 2, 3, 4, 7, 8, 9, 10, 11, 13], "prob_win": [0.046182727431245116, 0.05663430686083149, 0.06257766306436327, 0.07130132191646185, 0.0932919268491295, 0.13198832974317365, 0.1327520486552524, 0.13976184357579835, 0.13599954548047313, 0.220273973019867], "prob_eliminated": [0.059300041845290447, 0.061744372392203734, 0.06556403929612407, 0.06543040590702195, 0.06443821703396878, 0.06633138161936054, 0.1366757058755746, 0.16362617139461064, 0.12436453631783152, 0.2950238686333439], "eliminated_this_episode": [0, 0, 0, 0, 0, 0, 0, 0, 0, 1], "features": {"age": [33, 33, 33, 33, 33, 33, 33, 33, 33, 33], "num_previous_seasons": [0, 0, 0, 0, 0, 0, 0, 0, 0, 0], "votes_against_last_3_eps": [0, 0, 0, 0, 3, 3, 3, 0, 0, 4], "times_in_danger": [0, 0, 0, 0, 1, 1, 1, 1, 1, 2], "final_n": [18.0, 17.0, 16.0, 15.0, 12.0, 11.0, 10.0, 8.0, 7.0, 6.0], "confessional_share_rolling_3": [0.0, 0.06896551724137931, 0.06305418719211822, 0.07144788950062785, 0.09147013644167346, 0.16766061263214962, 0.1493599590373784, 0.12557997557997558, 0.07200854700854702, 0.3014069264069264], "elim_risk_rank": [5.0, 6.0, 6.0, 7.0, 10.0, 11.0, 4.0, 3.0, 3.0, 1.0]}}, {"season": 38, "castaway_id": "US0561", "castaway": "Wendy", "won_season": 0, "episode": [1, 2, 3, 4, 5], "prob_win": [0.05796470101773477, 0.05586835681908729, 0.043033013077510056, 0.060424974525387386, 0.06489319496482572], "prob_eliminated": [0.05758020405099462, 0.0986827773762371, 0.12278880738095667, 0.12253853780253711, 0.09227214411609252], "eliminated_this_episode": [0, 0, 0, 0, 1], "features": {"age": [25, 25, 25, 25, 25], "num_previous_seasons": [0, 0, 0, 0, 0], "votes_against_last_3_eps": [0, 3, 4, 4, 1], "times_in_danger": [0, 1, 2, 2, 2],