{"model_info": {"features": ["age", "num_previous_seasons", "votes_against_last_3_eps", "times_in_danger", "final_n", "confessional_share_rolling_3", "elim_risk_rank"], "coefficients": [-0.30372815354379673, 0.1889455893745574, 0.007464855577786767, -0.2663560596734265, -0.4642686423774405, 0.22829914617997046, 0.04806574232883434], "intercept": -0.17213571306881492, "scaler_means": [33.05400696864111, 0.21428571428571427, 0.5074664011946242, 0.4482329517172723, 12.81483325037332, 0.06515651411899154, 6.900945744151319], "scaler_stds": [10.108757525913928, 0.5079017240315944, 1.2555775026250267, 0.8175727491109878, 4.135588840396707, 0.056043672252620885, 4.331522792033132]}, "players": [{"season": 28, "castaway_id": "US0407", "castaway": "David", "won_season": 0, "episode": [1], "prob_win": [0.03887290076973233], "prob_eliminated": [0.06269575575229742], "eliminated_this_episode": [1], "features": {"age": [45], "num_previous_seasons": [0], "votes_against_last_3_eps": [0], "times_in_danger": [0], "final_n": [18.0], "confessional_share_rolling_3": [0.0], "elim_risk_rank": [3.0]}}, {"season": 28, "castaway_id": "US0408", "castaway": "Garrett", "won_season": 0, "episode": [1], "prob_win": [0.06515148505781904], "prob_eliminated": [0.020077446996045342], "eliminated_this_episode": [1], "features": {"age": [27], "num_previous_seasons": [0], "votes_against_last_3_eps": [0], "times_in_danger": [0], "final_n": [18.0], "confessional_share_rolling_3": [0.0], "elim_risk_rank": [18.0]}}, {"season": 28, "castaway_id": "US0409", "castaway": "Brice", "won_season": 0, "episode": [1, 2], "prob_win": [0.06233081524625079, 0.06807487395515197], "prob_eliminated": [0.05877688801285368, 0.06256225701407155], "eliminated_this_episode": [0, 1], "features": {"age": [27, 27], "num_previous_seasons": [0, 0], "votes_against_last_3_eps": [0, 0], "times_in_danger": [0, 0], "final_n": [18.0, 16.0], "confessional_share_rolling_3": [0.0, 0.045454545454545456], "elim_risk_rank": [12.0, 10.0]}}, {"season": 28, "castaway_id": "US0410", "castaway": "J'Tia", "won_season": 0, "episode": [1, 2, 3], "prob_win": [0.05564072968430354, 0.048664546515611515, 0.05445832738688054], "prob_eliminated": [0.05976052691089199, 0.1296553651344169, 0.1307379629705844], "eliminated_this_episode": [0, 0, 1], "features": {"age": [31, 31, 31], "num_previous_seasons": [0, 0, 0], "votes_against_last_3_eps": [0, 4, 4], "times_in_danger": [0, 1, 1], "final_n": [18.0, 16.0, 15.0], "confessional_share_rolling_3": [0.0, 0.045454545454545456, 0.0512987012987013], "elim_risk_rank": [8.0, 1.0, 1.0]}}, {"season": 28, "castaway_id": "US0411", "castaway": "Cliff", "won_season": 0, "episode": [1, 2, 3, 4], "prob_win": [0.03761604105898402, 0.04597318542738245, 0.04749036939972626, 0.052118355399435594], "prob_eliminated": [0.06291031040058886, 0.0669618814670139, 0.06752100054324141, 0.07656607186530465], "eliminated_this_episode": [0, 0, 0, 1], "features": {"age": [46, 46, 46, 46], "num_previous_seasons": [0, 0, 0, 0], "votes_against_last_3_eps": [0, 0, 0, 0], "times_in_danger": [0, 0, 0, 0], "final_n": [18.0, 16.0, 15.0, 14.0], "confessional_share_rolling_3": [0.0, 0.056818181818181816, 0.028409090909090908, 0.03084415584415584], "elim_risk_rank": [2.0, 3.0, 5.0, 5.0]}}, {"season": 28, "castaway_id": "US0412", "castaway": "Lindsey", "won_season": 0, "episode": [1, 2, 3, 4, 5], "prob_win": [0.059159362082042886, 0.06505579486052501, 0.06798179007758914, 0.0737877072989237, 0.07709845766133315], "prob_eliminated": [0.05918231056607322, 0.06299378972754686, 0.06351977598642888, 0.07202884575044674, 0.07634770730714878], "eliminated_this_episode": [0, 0, 0, 1, 0], "features": {"age": [29, 29, 29, 29, 29], "num_previous_seasons": [0, 0, 0, 0, 0], "votes_against_last_3_eps": [0, 0, 0, 0, 0], "times_in_danger": [0, 0, 0, 0, 0], "final_n": [18.0, 16.0, 15.0, 14.0, 13.0], "confessional_share_rolling_3": [0.0, 0.045454545454545456, 0.022727272727272728, 0.027056277056277056, 0.023015873015873017], "elim_risk_rank": [10.5, 8.5, 10.5, 10.5, 9.5]}}, {"season": 28, "castaway_id": "US0413", "castaway": "Alexis", "won_season": 0, "episode": [1, 2, 3, 4, 5], "prob_win": [0.07183097547355649, 0.07500109829463167, 0.06522862995227796, 0.07121203071964269, 0.07559959686800118], "prob_eliminated": [0.057575704729283604, 0.061283714718819646, 0.08916283653955306, 0.10110703477845862, 0.10716942937977862], "eliminated_this_episode": [0, 0, 0, 0, 1], "features": {"age": [21, 21, 21, 21, 21], "num_previous_seasons": [0, 0, 0, 0, 0], "votes_against_last_3_eps": [0, 0, 2, 2, 2], "times_in_danger": [0, 0, 1, 1, 1], "final_n": [18.0, 16.0, 15.0, 14.0, 13.0], "confessional_share_rolling_3": [0.0, 0.03409090909090909, 0.04561688311688311, 0.05422077922077922, 0.053968253968253964], "elim_risk_rank": [15.5, 13.5, 2.5, 1.5, 1.5]}}, {"season": 28, "castaway_id": "US0414", "castaway": "Sarah", "won_season": 0, "episode": [1, 2, 3, 4, 5, 6], "prob_win": [0.05848321162486683, 0.06804316452312961, 0.07870556304987014, 0.08689948514922154, 0.09079252106041431, 0.10196035646644104], "prob_eliminated": [0.05935151327825347, 0.06317388948996681, 0.06370137954788474, 0.07223477681227276, 0.07656598602965137, 0.095789959682993], "eliminated_this_episode": [0, 0, 0, 0, 0, 1], "features": {"age": [29, 29, 29, 29, 29, 29], "num_previous_seasons": [0, 0, 0, 0, 0, 0], "votes_against_last_3_eps": [0, 0, 0, 0, 0, 0], "times_in_danger": [0, 0, 0, 0, 0, 0], "final_n": [18.0, 16.0, 15.0, 14.0, 13.0, 11.0], "confessional_share_rolling_3": [0.0, 0.06818181818181818, 0.09123376623376622, 0.10844155844155844, 0.10793650793650793, 0.08218694885361551], "elim_risk_rank": [9.0, 7.0, 9.0, 9.0, 8.0, 6.0]}}, {"season": 28, "castaway_id": "US0415", "castaway": "Morgan", "won_season": 0, "episode": [1, 2, 3, 4, 5, 6, 7], "prob_win": [0.07183097547355649, 0.08440674458356523, 0.06751966417496695, 0.07278403193444839, 0.07399958677209109, 0.09106934139141933, 0.09771522945712918], "prob_eliminated": [0.057575704729283604, 0.061283714718819646, 0.08916283653955306, 0.10110703477845862, 0.10716942937977862, 0.09292390589742146, 0.0775232627254197], "eliminated_this_episode": [0, 0, 0, 0, 0, 0, 1], "features": {"age": [21, 21, 21, 21, 21, 21, 21], "num_previous_seasons": [0, 0, 0, 0, 0, 0, 0], "votes_against_last_3_eps": [0, 0, 2, 2, 2, 0, 0], "times_in_danger": [0, 0, 1, 1, 1, 1, 1], "final_n": [18.0, 16.0, 15.0, 14.0, 13.0, 11.0, 10.0], "confessional_share_rolling_3": [0.0, 0.09090909090909091, 0.05974025974025974, 0.06363636363636364, 0.044444444444444446, 0.034920634920634915, 0.011111111111111112], "elim_risk_rank": [15.5, 13.5, 2.5, 1.5, 1.5, 9.0, 9.0]}}, {"season": 28, "castaway_id": "US0416", "castaway": "LJ", "won_season": 0, "episode": [1, 2, 3, 4, 5, 6, 7, 8], "prob_win": [0.0513248265834163, 0.060684939575819795, 0.07479196173644112, 0.08060340339074672, 0.07882422254237416, 0.08740140495808302, 0.08917101809358427, 0.09122168693884106], "prob_eliminated": [0.060378835639008525, 0.021922905875900567, 0.02210595800366365, 0.025067258416527374, 0.04776711552794422, 0.059760349312587314, 0.13958205511203414, 0.08370508231404024], "eliminated_this_episode": [0, 0, 0, 0, 0, 0, 0, 1], "features": {"age": [34, 34, 34, 34, 34, 34, 34, 34], "num_previous_seasons": [0, 0, 0, 0, 0, 0, 0, 0], "votes_against_last_3_eps": [0, 0, 0, 0, 3, 3, 3, 0], "times_in_danger": [0, 0, 0, 0, 1, 1, 1, 1], "final_n": [18.0, 16.0, 15.0, 14.0, 13.0, 11.0, 10.0, 9.0], "confessional_share_rolling_3": [0.0, 0.03409090909090909, 0.08847402597402597, 0.09469696969696968, 0.13888888888888887, 0.10361552028218694, 0.07770515613652869, 0.02214960058097314], "elim_risk_rank": [6.0, 16.0, 15.0, 14.0, 12.0, 10.0, 2.0, 8.0]}}, {"season": 28, "castaway_id": "US0417", "castaway": "Jeremiah", "won_season": 0, "episode": [1, 2, 3, 4, 5, 6, 7, 8, 9],