{"model_info": {"features": ["age", "num_previous_seasons", "votes_against_last_3_eps", "times_in_danger", "final_n", "confessional_share_rolling_3", "elim_risk_rank"], "coefficients": [-0.2567676835129279, 0.0, -0.1756510806841469, -0.47876164993609677, -0.5377299814175643, 0.19526432212667644, -0.03172961191171845], "intercept": -0.18702050855168798, "scaler_means": [34.57854406130268, 0.0, 0.5236270753512133, 0.4648786717752235, 11.367816091954023, 0.07478262257141503, 6.183908045977011], "scaler_stds": [11.51294010937169, 1.0, 1.2499363453043928, 0.8295193668115755, 3.5018821732676644, 0.057445663997566176, 3.5786220014976724]}, "players": [{"season": 7, "castaway_id": "US0097", "castaway": "Nicole", "won_season": 0, "episode": [1], "prob_win": [0.06736037499375784], "prob_eliminated": [0.05124792305112138], "eliminated_this_episode": [1], "features": {"age": [24], "num_previous_seasons": [0], "votes_against_last_3_eps": [0], "times_in_danger": [0], "final_n": [16.0], "confessional_share_rolling_3": [0.0], "elim_risk_rank": [11.0]}}, {"season": 7, "castaway_id": "US0098", "castaway": "Ryan S.", "won_season": 0, "episode": [1, 2], "prob_win": [0.07189349762349243, 0.052398536446765995], "prob_eliminated": [0.07200131140262576, 0.091233158151739], "eliminated_this_episode": [0, 1], "features": {"age": [23, 23], "num_previous_seasons": [0, 0], "votes_against_last_3_eps": [0, 1], "times_in_danger": [0, 1], "final_n": [16.0, 15.0], "confessional_share_rolling_3": [0.0, 0.08163265306122448], "elim_risk_rank": [2.0, 1.0]}}, {"season": 7, "castaway_id": "US0099", "castaway": "Lillian", "won_season": 0, "episode": [1, 2, 3, 8, 9, 10, 11, 12, 13, 14], "prob_win": [0.04443919106281051, 0.05071503146065636, 0.05423763060086294, 0.04201153588095215, 0.06184100207834335, 0.11155265793858789, 0.14866856097560346, 0.17725667787587818, 0.15520649550699644, 0.11611922390201278], "prob_eliminated": [0.07015742233090401, 0.07271934240530392, 0.07695807514396412, 0.21077713897486333, 0.189980489314473, 0.10527367751267165, 0.11180561630764445, 0.12046655526713664, 0.17590242860636454, 0.3333019926132992], "eliminated_this_episode": [0, 0, 0, 0, 0, 0, 0, 0, 0, 0], "features": {"age": [51, 51, 51, 51, 51, 51, 51, 51, 51, 51], "num_previous_seasons": [0, 0, 0, 0, 0, 0, 0, 0, 0, 0], "votes_against_last_3_eps": [0, 0, 0, 5, 5, 0, 0, 0, 2, 4], "times_in_danger": [0, 0, 0, 1, 1, 1, 1, 1, 2, 3], "final_n": [16.0, 15.0, 14.0, 10.0, 9.0, 8.0, 7.0, 6.0, 5.0, 4.0], "confessional_share_rolling_3": [0.0, 0.061224489795918366, 0.045763760049474335, 0.0411087620389946, 0.10118319053447572, 0.12969924812030076, 0.16816078658183922, 0.12576312576312576, 0.16380029184907233, 0.16105303910181956], "elim_risk_rank": [9.0, 9.0, 8.0, 1.0, 2.0, 6.0, 6.0, 4.0, 3.0, 2.0]}}, {"season": 7, "castaway_id": "US0100", "castaway": "Burton", "won_season": 0, "episode": [1, 2, 3, 4, 8, 9, 10, 11, 12, 13], "prob_win": [0.05923465049918648, 0.06319706114927817, 0.0684239002284926, 0.07409973199053864, 0.06187724602194879, 0.08919707611155059, 0.14053733448005498, 0.18705644340094818, 0.16056531266504748, 0.1943781647310206], "prob_eliminated": [0.05090606076049817, 0.05276498394550084, 0.05584059845887357, 0.05965351773859815, 0.16066467629017459, 0.21811863123544403, 0.12479272054300378, 0.20987751480407774, 0.3211054948237623, 0.31508580750493065], "eliminated_this_episode": [0, 0, 0, 0, 0, 0, 0, 0, 0, 1], "features": {"age": [31, 31, 31, 31, 31, 31, 31, 31, 31, 31], "num_previous_seasons": [0, 0, 0, 0, 0, 0, 0, 0, 0, 0], "votes_against_last_3_eps": [0, 0, 0, 0, 5, 5, 0, 0, 2, 2], "times_in_danger": [0, 0, 0, 0, 1, 1, 1, 1, 2, 2], "final_n": [16.0, 15.0, 14.0, 13.0, 10.0, 9.0, 8.0, 7.0, 6.0, 5.0], "confessional_share_rolling_3": [0.0, 0.04081632653061224, 0.03555967841682127, 0.03145839026237698, 0.06489479512735327, 0.12731829573934836, 0.14160401002506265, 0.20570657412762675, 0.1771978021978022, 0.15454971857410882], "elim_risk_rank": [15.0, 14.0, 13.0, 12.0, 2.0, 1.0, 4.0, 2.0, 1.0, 2.0]}}, {"season": 7, "castaway_id": "US0101", "castaway": "Michelle", "won_season": 0, "episode": [1, 2, 3, 4, 5], "prob_win": [0.07330178798924837, 0.07569296579909497, 0.08069895489457718, 0.08607035774429735, 0.09431506591813356], "prob_eliminated": [0.07206795101702067, 0.07469963736319996, 0.07905379937820665, 0.08445176723857338, 0.08605975918728294], "eliminated_this_episode": [0, 0, 0, 0, 1], "features": {"age": [22, 22, 22, 22, 22], "num_previous_seasons": [0, 0, 0, 0, 0], "votes_against_last_3_eps": [0, 0, 0, 0, 0], "times_in_danger": [0, 0, 0, 0, 0], "final_n": [16.0, 15.0, 14.0, 13.0, 12.0], "confessional_share_rolling_3": [0.0, 0.04081632653061224, 0.03555967841682127, 0.03145839026237698, 0.02737675760931575], "elim_risk_rank": [1.0, 2.0, 2.0, 2.0, 3.0]}}, {"season": 7, "castaway_id": "US0102", "castaway": "Trish", "won_season": 0, "episode": [1, 2, 3, 4, 5, 6], "prob_win": [0.051998535426713954, 0.05325956785892219, 0.057533976260463734, 0.06370124922111016, 0.07373914863262683, 0.08894258669648786], "prob_eliminated": [0.07074548169743831, 0.0733288757805177, 0.07760313756808519, 0.08290205103905016, 0.08448053583529744, 0.09530639463619509], "eliminated_this_episode": [0, 0, 0, 0, 0, 1], "features": {"age": [42, 42, 42, 42, 42, 42], "num_previous_seasons": [0, 0, 0, 0, 0, 0], "votes_against_last_3_eps": [0, 0, 0, 0, 0, 0], "times_in_danger": [0, 0, 0, 0, 0, 0], "final_n": [16.0, 15.0, 14.0, 13.0, 12.0, 11.0], "confessional_share_rolling_3": [0.0, 0.02040816326530612, 0.01020408163265306, 0.014554659072931497, 0.026799557032115173, 0.06383659406915221], "elim_risk_rank": [8.0, 8.0, 7.0, 7.0, 7.0, 6.0]}}, {"season": 7, "castaway_id": "US0103", "castaway": "Shawn", "won_season": 0, "episode": [1, 2, 3, 4, 5, 6], "prob_win": [0.06313405412763447, 0.07116123162787896, 0.07649268283294748, 0.08190182173388676, 0.091700722440806, 0.07029537077221938], "prob_eliminated": [0.05105231519947551, 0.05291657911922495, 0.05600102995323306, 0.059824903849398016, 0.060963991483294414, 0.08470876872673407], "eliminated_this_episode": [0, 0, 0, 0, 0, 0], "features": {"age": [28, 28, 28, 28, 28, 28], "num_previous_seasons": [0, 0, 0, 0, 0, 0], "votes_against_last_3_eps": [0, 0, 0, 0, 0, 1], "times_in_danger": [0, 0, 0, 0, 0, 1], "final_n": [16.0, 15.0, 14.0, 13.0, 12.0, 11.0], "confessional_share_rolling_3": [0.0, 0.07142857142857142, 0.06601731601731602, 0.059515419980536256, 0.06427732474244102, 0.06259382305893933], "elim_risk_rank": [12.0, 11.0, 10.0, 9.0, 9.0, 8.0]}}, {"season": 7, "castaway_id": "US0104", "castaway": "Osten", "won_season": 0, "episode": [1, 2, 3, 4, 5, 6], "prob_win": [0.06676172115780153, 0.0771655147679816, 0.050436884233270765, 0.0538424137825799, 0.058290020828863996, 0.07504584791494927], "prob_eliminated": [0.07173529783463711, 0.07435483677235347, 0.1169510110562574, 0.12493668415336985, 0.1273155234457385, 0.09663984809676511], "eliminated_this_episode": [0, 0, 0, 0, 0, 0], "features": {"age": [27, 27, 27, 27, 27, 27], "num_previous_seasons": [0, 0, 0, 0, 0, 0], "votes_against_last_3_eps": [0, 0, 2, 2, 2, 0], "times_in_danger": [0, 0, 1, 1, 1, 1], "final_n": [16.0, 15.0, 14.0, 13.0, 12.0, 11.0], "confessional_share_rolling_3": [0.0, 0.09183673469387756, 0.09137291280148424, 0.07641915116998173, 0.055330715795832076, 0.03428694475206103], "elim_risk_rank": [5.0, 5.0, 1.0, 1.0, 2.0, 3.0]}}, {"season": 7, "castaway_id": "US0105", "castaway": "Andrew", "won_season": 0, "episode": [1, 2, 3, 4, 5, 6, 8], "prob_win": [0.0518460329438246, 0.0599487382206517, 0.07129621175846697, 0.08654858887306208, 0.09817645201707947, 0.10786934248664745, 0.13374171388478828], "prob_eliminated": [0.050517933943808505, 0.05236268400428559, 0.05541484888410573, 0.059198697043413094, 0.060325861475046524, 0.06805639078471618, 0.059190381709526875], "eliminated_this_episode": [0, 0, 0, 0, 0, 0, 1], "features": {"age": [39, 39, 39, 39, 39, 39, 39], "num_previous_seasons": [0, 0, 0, 0, 0, 0, 0],