{"model_info": {"features": ["age", "num_previous_seasons", "votes_against_last_3_eps", "times_in_danger", "final_n", "confessional_share_rolling_3", "elim_risk_rank"], "coefficients": [-0.31078163850993634, 0.13138871219180567, 0.0020342533817054574, -0.24584511428494454, -0.43546318720902316, 0.22341957582132876, 0.0056070134586756245], "intercept": -0.15666421518090698, "scaler_means": [33.01881443298969, 0.197680412371134, 0.4961340206185567, 0.4402061855670103, 12.797164948453608, 0.06558107528778129, 6.893041237113402], "scaler_stds": [10.144136828557308, 0.48836438665448084, 1.238549826514914, 0.8065658132451184, 4.126335110848222, 0.056314178116999104, 4.322296309839491]}, "players": [{"season": 27, "castaway_id": "US0010", "castaway": "Gervase", "won_season": 0, "episode": [1, 2, 3, 4, 5, 6, 8, 9, 10, 11, 12, 14], "prob_win": [0.04230476773570973, 0.04524290568073557, 0.04580761822446861, 0.055059365765746576, 0.06087692643465634, 0.06483362520065733, 0.07883836353840037, 0.08726408761573419, 0.11342975429801759, 0.1254323233763369, 0.15663716492207425, 0.2018000185150732], "prob_eliminated": [0.05021241241170665, 0.05761747077085281, 0.058769578032069905, 0.06585637673369428, 0.06698207655070482, 0.07287983251588416, 0.10103042457073831, 0.07242797595561598, 0.0794420987464947, 0.09071176301032667, 0.08285856571810413, 0.1488985637724793], "eliminated_this_episode": [0, 0, 0, 0, 0, 0, 0, 0, 0, 0, 0, 0], "features": {"age": [43, 43, 43, 43, 43, 43, 43, 43, 43, 43, 43, 43], "num_previous_seasons": [1, 1, 1, 1, 1, 1, 1, 1, 1, 1, 1, 1], "votes_against_last_3_eps": [0, 1, 1, 1, 0, 0, 0, 0, 0, 0, 0, 2], "times_in_danger": [0, 1, 1, 1, 1, 1, 1, 1, 1, 1, 1, 2], "final_n": [20.0, 17.0, 16.0, 14.0, 13.0, 12.0, 11.0, 10.0, 8.0, 7.0, 6.0, 5.0], "confessional_share_rolling_3": [0.0, 0.05194805194805195, 0.025974025974025976, 0.017316017316017316, 0.025641025641025644, 0.025641025641025644, 0.03225806451612903, 0.04460374352847471, 0.037037037037037035, 0.037037037037037035, 0.06816961889425657, 0.15221266372161513], "elim_risk_rank": [13.0, 5.0, 7.0, 6.0, 9.0, 8.0, 7.0, 8.0, 7.0, 6.0, 5.0, 4.0]}}, {"season": 27, "castaway_id": "US0032", "castaway": "Tina", "won_season": 0, "episode": [1, 2, 3, 4, 5, 6, 8, 9, 14], "prob_win": [0.042174057355481555, 0.05215072539758129, 0.05648244691605006, 0.06702720762384545, 0.07040662326024323, 0.07822675112036483, 0.1042926313674942, 0.10473608330128752, 0.206698028937276], "prob_eliminated": [0.04696474007480157, 0.044835942657275904, 0.04573247307431553, 0.05124717713818127, 0.06264976454588535, 0.06816606146582144, 0.09449591050728604, 0.06774343038946348, 0.18745823039075918], "eliminated_this_episode": [0, 0, 0, 0, 0, 0, 0, 0, 1], "features": {"age": [52, 52, 52, 52, 52, 52, 52, 52, 52], "num_previous_seasons": [2, 2, 2, 2, 2, 2, 2, 2, 2], "votes_against_last_3_eps": [0, 0, 0, 0, 0, 0, 0, 0, 7], "times_in_danger": [0, 0, 0, 0, 0, 0, 0, 0, 1], "final_n": [20.0, 17.0, 16.0, 14.0, 13.0, 12.0, 11.0, 10.0, 4.0], "confessional_share_rolling_3": [0.0, 0.025974025974025976, 0.026875901875901876, 0.01791726791726792, 0.009259259259259259, 0.03125, 0.09128584229390681, 0.060035842293906815, 0.06481481481481481], "elim_risk_rank": [15.0, 14.0, 13.0, 12.0, 11.0, 10.0, 9.0, 9.0, 2.0]}}, {"season": 27, "castaway_id": "US0107", "castaway": "Rupert", "won_season": 0, "episode": [1], "prob_win": [0.0549426403779139], "prob_eliminated": [0.04105536658847184], "eliminated_this_episode": [0], "features": {"age": [49], "num_previous_seasons": [3], "votes_against_last_3_eps": [0], "times_in_danger": [0], "final_n": [20.0], "confessional_share_rolling_3": [0.0], "elim_risk_rank": [20.0]}}, {"season": 27, "castaway_id": "US0182", "castaway": "Aras", "won_season": 0, "episode": [1, 2, 3, 4, 5, 6, 8], "prob_win": [0.055152587724606794, 0.0659158905431723, 0.07289478945085477, 0.08951532381734911, 0.09531695999878537, 0.10318241833738609, 0.1209573759257993], "prob_eliminated": [0.047852381686911756, 0.04568334963445489, 0.04659682462956349, 0.052215757542513966, 0.0638338558005428, 0.06945441167481553, 0.09628189936205053], "eliminated_this_episode": [0, 0, 0, 0, 0, 0, 1], "features": {"age": [31, 31, 31, 31, 31, 31, 31], "num_previous_seasons": [1, 1, 1, 1, 1, 1, 1], "votes_against_last_3_eps": [0, 0, 0, 0, 0, 0, 0], "times_in_danger": [0, 0, 0, 0, 0, 0, 0], "final_n": [20.0, 17.0, 16.0, 14.0, 13.0, 12.0, 11.0], "confessional_share_rolling_3": [0.0, 0.025974025974025976, 0.04076479076479077, 0.058922558922558925, 0.06308506308506308, 0.08623321123321122, 0.08781362007168458], "elim_risk_rank": [14.0, 13.0, 12.0, 11.0, 10.0, 9.0, 8.0]}}, {"season": 27, "castaway_id": "US0195", "castaway": "Candice", "won_season": 0, "episode": [1], "prob_win": [0.06721872087641863], "prob_eliminated": [0.04185535018400072], "eliminated_this_episode": [1], "features": {"age": [30], "num_previous_seasons": [2], "votes_against_last_3_eps": [0], "times_in_danger": [0], "final_n": [20.0], "confessional_share_rolling_3": [0.0], "elim_risk_rank": [19.0]}}, {"season": 27, "castaway_id": "US0274", "castaway": "Tyson", "won_season": 1, "episode": [1, 2, 3, 4, 5, 6, 8, 9, 10, 11, 12, 14], "prob_win": [0.06220944507212384, 0.07099738412147356, 0.07693044813574382, 0.0975065877567549, 0.11006868040478027, 0.1139418454564641, 0.12948304914126982, 0.1397926171209877, 0.164657388685944, 0.18126035176969568, 0.2158789702629901, 0.2619338757534697], "prob_eliminated": [0.042672244254343204, 0.04073801523010104, 0.04155260432133055, 0.04656327399455545, 0.05692368468176613, 0.06193580162677807, 0.029121087803905616, 0.020876695868835785, 0.033886890711556934, 0.038694088498250144, 0.035344221833384586, 0.017350287291112234], "eliminated_this_episode": [0, 0, 0, 0, 0, 0, 0, 0, 0, 0, 0, 0], "features": {"age": [34, 34, 34, 34, 34, 34, 34, 34, 34, 34, 34, 34], "num_previous_seasons": [2, 2, 2, 2, 2, 2, 2, 2, 2, 2, 2, 2], "votes_against_last_3_eps": [0, 0, 0, 0, 0, 0, 0, 0, 2, 2, 2, 0], "times_in_danger": [0, 0, 0, 0, 0, 0, 0, 0, 1, 1, 1, 1], "final_n": [20.0, 17.0, 16.0, 14.0, 13.0, 12.0, 11.0, 10.0, 8.0, 7.0, 6.0, 5.0], "confessional_share_rolling_3": [0.0, 0.012987012987012988, 0.020382395382395384, 0.06120731120731121, 0.10816035816035817, 0.10931776556776557, 0.0919578853046595, 0.11857825567502987, 0.13888888888888887, 0.15708812260536398, 0.192514853684269, 0.16159032783073704], "elim_risk_rank": [18.0, 17.0, 16.0, 14.0, 13.0, 12.0, 10.0, 10.0, 8.0, 7.0, 6.0, 5.0]}}, {"season": 27, "castaway_id": "US0292", "castaway": "Laura M.", "won_season": 0, "episode": [1, 2, 3, 4, 5, 9, 10], "prob_win": [0.04222195171114689, 0.04522329776583918, 0.045703091980110466, 0.054988509252956085, 0.05879589295935731, 0.07295577706055537, 0.10340469237399769], "prob_eliminated": [0.05067412562298161, 0.08301901621686915, 0.08467904762961452, 0.09489017020171929, 0.06759799018991647, 0.23980326920216533, 0.2630264720273951], "eliminated_this_episode": [0, 0, 0, 0, 0, 0, 1], "features": {"age": [43, 43, 43, 43, 43, 43, 43], "num_previous_seasons": [1, 1, 1, 1, 1, 1, 1], "votes_against_last_3_eps": [0, 3, 3, 3, 0, 7, 7], "times_in_danger": [0, 1, 1, 1, 1, 2, 2], "final_n": [20.0, 17.0, 16.0, 14.0, 13.0, 10.0, 8.0], "confessional_share_rolling_3": [0.0, 0.05194805194805195, 0.025974025974025976, 0.017316017316017316, 0.012820512820512822, 0.044070512820512824, 0.06876187084520417], "elim_risk_rank": [11.0, 2.0, 2.0, 2.0, 7.0, 1.0, 1.0]}}, {"season": 27, "castaway_id": "US0358", "castaway": "Monica", "won_season": 0, "episode": [1, 2, 3, 4, 5, 6, 8, 9, 10, 11, 12, 14], "prob_win": [0.04324890625272195, 0.05897232715609956, 0.06272303962436439, 0.07207996457747114, 0.07762663414320896, 0.08221731017678532, 0.10332373962128753, 0.11050920378819723, 0.12375788869711944, 0.13285818007875952, 0.15019352916236098, 0.17489770019903575],