{"model_info": {"features": ["age", "num_previous_seasons", "votes_against_last_3_eps", "times_in_danger", "final_n", "confessional_share_rolling_3", "elim_risk_rank"], "coefficients": [-0.3641039049974947, 0.07389528626264429, -0.018017453725445137, -0.10654251126627269, -0.3579909957854844, 0.3013788333921232, 0.0695331849270785], "intercept": -0.15527850813239027, "scaler_means": [32.868398268398266, 0.12077922077922078, 0.44935064935064933, 0.44155844155844154, 12.334199134199133, 0.06908031033560778, 6.663203463203463], "scaler_stds": [9.910945304480055, 0.3258705273681329, 1.0921946661348172, 0.7921723077710447, 4.070482823845351, 0.05459483028972673, 4.148069612809707]}, "players": [{"season": 17, "castaway_id": "US0248", "castaway": "Michelle", "won_season": 0, "episode": [1], "prob_win": [0.07182804227730688], "prob_eliminated": [0.047522492540338204], "eliminated_this_episode": [1], "features": {"age": [24], "num_previous_seasons": [0], "votes_against_last_3_eps": [0], "times_in_danger": [0], "final_n": [18.0], "confessional_share_rolling_3": [0.0], "elim_risk_rank": [17.0]}}, {"season": 17, "castaway_id": "US0249", "castaway": "Gillian", "won_season": 0, "episode": [1], "prob_win": [0.020272601928750487], "prob_eliminated": [0.07330479583008719], "eliminated_this_episode": [1], "features": {"age": [61], "num_previous_seasons": [0], "votes_against_last_3_eps": [0], "times_in_danger": [0], "final_n": [18.0], "confessional_share_rolling_3": [0.0], "elim_risk_rank": [1.0]}}, {"season": 17, "castaway_id": "US0250", "castaway": "Paloma", "won_season": 0, "episode": [1, 2], "prob_win": [0.06973844544632692, 0.06374965163396398], "prob_eliminated": [0.053515023070884814, 0.061732287217394884], "eliminated_this_episode": [0, 1], "features": {"age": [23, 23], "num_previous_seasons": [0, 0], "votes_against_last_3_eps": [0, 0], "times_in_danger": [0, 0], "final_n": [18.0, 16.0], "confessional_share_rolling_3": [0.0, 0.0], "elim_risk_rank": [12.0, 11.0]}}, {"season": 17, "castaway_id": "US0251", "castaway": "Jacquie", "won_season": 0, "episode": [1, 2, 3], "prob_win": [0.06544712109349589, 0.0656006011430446, 0.06864136480373846], "prob_eliminated": [0.05442227989629317, 0.0627788538768517, 0.06471751844456833], "eliminated_this_episode": [0, 0, 1], "features": {"age": [25, 25, 25], "num_previous_seasons": [0, 0, 0], "votes_against_last_3_eps": [0, 0, 0], "times_in_danger": [0, 0, 0], "final_n": [18.0, 16.0, 15.0], "confessional_share_rolling_3": [0.0, 0.02666666666666667, 0.013333333333333334], "elim_risk_rank": [10.5, 9.5, 10.5]}}, {"season": 17, "castaway_id": "US0252", "castaway": "GC", "won_season": 0, "episode": [1, 2, 3, 4], "prob_win": [0.06544712109349589, 0.09699163846653332, 0.08491166503023867, 0.09556696827583658], "prob_eliminated": [0.05442227989629317, 0.0627788538768517, 0.06471751844456833, 0.06668140788491349], "eliminated_this_episode": [0, 0, 0, 1], "features": {"age": [25, 25, 25, 25], "num_previous_seasons": [0, 0, 0, 0], "votes_against_last_3_eps": [0, 0, 0, 0], "times_in_danger": [0, 0, 0, 0], "final_n": [18.0, 16.0, 15.0, 14.0], "confessional_share_rolling_3": [0.0, 0.17333333333333334, 0.08666666666666667, 0.10716049382716049], "elim_risk_rank": [10.5, 9.5, 10.5, 11.0]}}, {"season": 17, "castaway_id": "US0253", "castaway": "Kelly", "won_season": 0, "episode": [1, 2, 3, 4, 5], "prob_win": [0.07211509477275384, 0.06578859558430462, 0.07109182468002118, 0.06766830079451092, 0.06796602886543536], "prob_eliminated": [0.05306658219311425, 0.06121498797172541, 0.06310535902607406, 0.10135617290264928, 0.14148376834615325], "eliminated_this_episode": [0, 0, 0, 0, 1], "features": {"age": [22, 22, 22, 22, 22], "num_previous_seasons": [0, 0, 0, 0, 0], "votes_against_last_3_eps": [0, 0, 0, 2, 3], "times_in_danger": [0, 0, 0, 1, 2], "final_n": [18.0, 16.0, 15.0, 14.0, 13.0], "confessional_share_rolling_3": [0.0, 0.0, 0.0, 0.024691358024691357, 0.024691358024691357], "elim_risk_rank": [13.0, 12.0, 12.0, 1.0, 1.0]}}, {"season": 17, "castaway_id": "US0254", "castaway": "Ace", "won_season": 0, "episode": [1, 2, 3, 4, 5, 6], "prob_win": [0.06625221785162354, 0.06915733303278782, 0.0624487681148372, 0.07215828770410763, 0.08997689857534336, 0.10704620477837432], "prob_eliminated": [0.04874797106266625, 0.05623325149126225, 0.09072756203318502, 0.09348074085257757, 0.06099038697036408, 0.07458130408741394], "eliminated_this_episode": [0, 0, 0, 0, 0, 1], "features": {"age": [27, 27, 27, 27, 27, 27], "num_previous_seasons": [0, 0, 0, 0, 0, 0], "votes_against_last_3_eps": [0, 0, 2, 2, 2, 0], "times_in_danger": [0, 0, 1, 1, 1, 1], "final_n": [18.0, 16.0, 15.0, 14.0, 13.0, 12.0], "confessional_share_rolling_3": [0.0, 0.04, 0.05703703703703704, 0.07506172839506173, 0.09071390230810521, 0.13268921095008052], "elim_risk_rank": [16.0, 15.0, 1.0, 2.0, 12.0, 10.0]}}, {"season": 17, "castaway_id": "US0255", "castaway": "Dan", "won_season": 0, "episode": [1, 2, 3, 4, 5, 6], "prob_win": [0.051371747237045, 0.064144770037703, 0.0653781725657503, 0.0668589512618122, 0.06920726883295188, 0.072403423003487], "prob_eliminated": [0.05770881012267278, 0.06657003280645393, 0.0686257722139743, 0.07070825980969371, 0.07980922647908836, 0.08829081954506447], "eliminated_this_episode": [0, 0, 0, 0, 0, 1], "features": {"age": [32, 32, 32, 32, 32, 32], "num_previous_seasons": [0, 0, 0, 0, 0, 0], "votes_against_last_3_eps": [0, 0, 0, 0, 0, 0], "times_in_danger": [0, 0, 0, 0, 0, 0], "final_n": [18.0, 16.0, 15.0, 14.0, 13.0, 12.0], "confessional_share_rolling_3": [0.0, 0.08, 0.05851851851851852, 0.03901234567901234, 0.026838432635534083, 0.014492753623188406], "elim_risk_rank": [5.0, 5.0, 6.0, 7.0, 5.0, 5.0]}}, {"season": 17, "castaway_id": "US0256", "castaway": "Marcus", "won_season": 0, "episode": [1, 2, 3, 4, 5, 6, 7], "prob_win": [0.06396379667007743, 0.07569452018066154, 0.07655240503542161, 0.08255502960010515, 0.0882901804241743, 0.09959225506031598, 0.1211536404772809], "prob_eliminated": [0.049162883993506816, 0.05671187455348038, 0.058463185623626616, 0.06023728382230091, 0.06799051539379079, 0.07521609455746327, 0.12916183861759492], "eliminated_this_episode": [0, 0, 0, 0, 0, 0, 1], "features": {"age": [28, 28, 28, 28, 28, 28, 28], "num_previous_seasons": [0, 0, 0, 0, 0, 0, 0], "votes_against_last_3_eps": [0, 0, 0, 0, 0, 0, 0], "times_in_danger": [0, 0, 0, 0, 0, 0, 0], "final_n": [18.0, 16.0, 15.0, 14.0, 13.0, 12.0, 10.0], "confessional_share_rolling_3": [0.0, 0.08, 0.05851851851851852, 0.0637037037037037, 0.06602254428341385, 0.08701019860440151, 0.10272288098375056], "elim_risk_rank": [15.0, 14.0, 14.0, 13.0, 10.0, 9.0, 3.0]}}, {"season": 17, "castaway_id": "US0257", "castaway": "Charlie", "won_season": 0, "episode": [1, 2, 3, 4, 5, 6, 7, 8], "prob_win": [0.057265907932253876, 0.06967077899545591, 0.07513924519604541, 0.07826057957631921, 0.08108058385905278, 0.08130850254339056, 0.09978313324080859, 0.11401290856441602], "prob_eliminated": [0.05627887815326263, 0.06492053391863624, 0.06692533539322502, 0.06895622227871166, 0.07783168155737272, 0.08610311431938857, 0.08617353837453044, 0.09070619011720248], "eliminated_this_episode": [0, 0, 0, 0, 0, 0, 0, 1], "features": {"age": [29, 29, 29, 29, 29, 29, 29, 29], "num_previous_seasons": [0, 0, 0, 0, 0, 0, 0, 0], "votes_against_last_3_eps": [0, 0, 0, 0, 0, 0, 0, 0], "times_in_danger": [0, 0, 0, 0, 0, 0, 0, 0], "final_n": [18.0, 16.0, 15.0, 14.0, 13.0, 12.0, 10.0, 9.0], "confessional_share_rolling_3": [0.0, 0.08, 0.07703703703703704, 0.0637037037037037, 0.05152979066022544, 0.026838432635534083, 0.024593763724198508, 0.022921522921522924], "elim_risk_rank": [7.5, 7.0, 8.0, 9.0, 7.0, 6.5, 5.5, 6.5]}}, {"season": 17, "castaway_id": "US0258", "castaway": "Randy", "won_season": 0, "episode": [1, 2, 3, 4, 5, 6, 7, 8, 9],