{"model_info": {"features": ["age", "num_previous_seasons", "votes_against_last_3_eps", "times_in_danger", "final_n", "confessional_share_rolling_3", "elim_risk_rank"], "coefficients": [-0.23635434340149886, 0.1157179077544893, 0.017269850975560788, -0.39927979983306333, -0.3948804443668201, 0.3910541401398952, 0.09742133341621932], "intercept": -0.18709253724982194, "scaler_means": [33.003697617091206, 0.21651602300739523, 0.543138866064092, 0.4574089290605314, 13.108326485894276, 0.06341414616186912, 7.049164612434949], "scaler_stds": [9.771596607976292, 0.5317485571425525, 1.335928277567069, 0.8332857431169581, 4.079820434540727, 0.05277161157221902, 4.412674871463529]}, "players": [{"season": 49, "castaway_id": "US0734", "castaway": "Alex", "won_season": 0, "episode": [1, 2, 3, 4, 5, 6, 7, 8, 9], "prob_win": [0.06884420539822712, 0.09169060577752723, 0.10086143799869815, 0.08544774621011582, 0.08883833648966921, 0.07801269941425018, 0.08134628736220048, 0.08246178639407366, 0.09536584819961949], "prob_eliminated": [0.05501582081582325, 0.03951197615757539, 0.043061884556119784, 0.08599959210514652, 0.08877978329814197, 0.10273597587293001, 0.09785209462152802, 0.09353764798752016, 0.10142802016788861], "eliminated_this_episode": [0, 0, 0, 0, 0, 0, 0, 0, 1], "features": {"age": [26, 26, 26, 26, 26, 26, 26, 26, 26], "num_previous_seasons": [0, 0, 0, 0, 0, 0, 0, 0, 0], "votes_against_last_3_eps": [0, 0, 0, 1, 1, 1, 0, 0, 0], "times_in_danger": [0, 0, 0, 1, 1, 1, 1, 1, 1], "final_n": [18.0, 17.0, 16.0, 14.0, 13.0, 12.0, 11.0, 10.0, 9.0], "confessional_share_rolling_3": [0.0, 0.12643678160919541, 0.1558109833971903, 0.1538739889314602, 0.13893927941546988, 0.09416003689611437, 0.06170389654523719, 0.04731352501200851, 0.05757525682337713], "elim_risk_rank": [16.5, 17.0, 15.0, 2.0, 4.0, 2.0, 7.0, 6.0, 5.0]}}, {"season": 49, "castaway_id": "US0735", "castaway": "Annie", "won_season": 0, "episode": [1, 2], "prob_win": [0.03620751969327849, 0.023422181184217072], "prob_eliminated": [0.05667786618262282, 0.07329690570847143], "eliminated_this_episode": [0, 1], "features": {"age": [49, 49], "num_previous_seasons": [0, 0], "votes_against_last_3_eps": [0, 1], "times_in_danger": [0, 1], "final_n": [18.0, 17.0], "confessional_share_rolling_3": [0.0, 0.022988505747126436], "elim_risk_rank": [2.0, 1.0]}}, {"season": 49, "castaway_id": "US0736", "castaway": "Jake", "won_season": 0, "episode": [1, 2, 3], "prob_win": [0.05044298491661877, 0.06523310591200757, 0.07652133646590448], "prob_eliminated": [0.05566086492666955, 0.06062810488395427, 0.06607516776577665], "eliminated_this_episode": [0, 0, 1], "features": {"age": [35, 35, 35], "num_previous_seasons": [0, 0, 0], "votes_against_last_3_eps": [0, 0, 0], "times_in_danger": [0, 0, 0], "final_n": [18.0, 17.0, 16.0], "confessional_share_rolling_3": [0.0, 0.09195402298850575, 0.12005108556832694], "elim_risk_rank": [6.0, 6.0, 6.0]}}, {"season": 49, "castaway_id": "US0737", "castaway": "Jason", "won_season": 0, "episode": [1, 2, 3, 4, 5], "prob_win": [0.054908646649257084, 0.051252073947413546, 0.05159418291085761, 0.06466125130948965, 0.04804737819646042], "prob_eliminated": [0.05544509387056872, 0.06039307816926995, 0.06581902534417317, 0.07296103511569473, 0.10589960841516809], "eliminated_this_episode": [0, 0, 0, 0, 1], "features": {"age": [32, 32, 32, 32, 32], "num_previous_seasons": [0, 0, 0, 0, 0], "votes_against_last_3_eps": [0, 0, 0, 0, 2], "times_in_danger": [0, 0, 0, 0, 1], "final_n": [18.0, 17.0, 16.0, 14.0, 13.0], "confessional_share_rolling_3": [0.0, 0.022988505747126436, 0.011494252873563218, 0.024329501915708814, 0.02346938775510204], "elim_risk_rank": [8.0, 8.0, 8.0, 7.0, 1.0]}}, {"season": 49, "castaway_id": "US0738", "castaway": "Jawan", "won_season": 0, "episode": [1, 2, 3, 4, 5, 6, 7, 8, 9, 10], "prob_win": [0.06338926298167222, 0.0702222963832296, 0.07533153840366982, 0.08183723996587058, 0.0832286370618684, 0.08342380949705594, 0.07873145244785566, 0.09497197029836384, 0.11487011389562145, 0.13673024463234856], "prob_eliminated": [0.055158576382924235, 0.039617810263194296, 0.06547889963666072, 0.0725840024331261, 0.07493049500800032, 0.08670957780373105, 0.11653503388151777, 0.11139682823943342, 0.12079371231159845, 0.09262752627141181], "eliminated_this_episode": [0, 0, 0, 0, 0, 0, 0, 0, 0, 1], "features": {"age": [28, 28, 28, 28, 28, 28, 28, 28, 28, 28], "num_previous_seasons": [0, 0, 0, 0, 0, 0, 0, 0, 0, 0], "votes_against_last_3_eps": [0, 0, 0, 0, 0, 0, 1, 1, 1, 0], "times_in_danger": [0, 0, 0, 0, 0, 0, 1, 1, 1, 1], "final_n": [18.0, 17.0, 16.0, 14.0, 13.0, 12.0, 11.0, 10.0, 9.0, 8.0], "confessional_share_rolling_3": [0.0, 0.05747126436781609, 0.07503192848020435, 0.05835461898680289, 0.0460002519526329, 0.03773492447826588, 0.07326124026773957, 0.09850980123058624, 0.1235299787931367, 0.1376413441630833], "elim_risk_rank": [13.0, 16.0, 12.0, 11.0, 10.0, 8.0, 2.0, 3.0, 3.0, 5.0]}}, {"season": 49, "castaway_id": "US0739", "castaway": "Jeremiah", "won_season": 0, "episode": [1, 2, 3], "prob_win": [0.04621870013111265, 0.0549264404020835, 0.05651972625540438], "prob_eliminated": [0.055877395057237524, 0.06086395841378904, 0.06633221128679403], "eliminated_this_episode": [0, 0, 1], "features": {"age": [38, 38, 38], "num_previous_seasons": [0, 0, 0], "votes_against_last_3_eps": [0, 0, 0], "times_in_danger": [0, 0, 0], "final_n": [18.0, 17.0, 16.0], "confessional_share_rolling_3": [0.0, 0.06896551724137931, 0.06226053639846743], "elim_risk_rank": [4.0, 4.0, 4.0]}}, {"season": 49, "castaway_id": "US0740", "castaway": "Kristina", "won_season": 0, "episode": [1, 2, 3, 4, 5, 6, 7, 8, 9, 10, 11, 12, 13], "prob_win": [0.05044298491661877, 0.04739311121496176, 0.047723771331479044, 0.05609821408105456, 0.06481585222663756, 0.07066297036866187, 0.08251965032104708, 0.09355578770948202, 0.10332314293317119, 0.13811314447553016, 0.16734942134789926, 0.19287874378863448, 0.22228409195740967], "prob_eliminated": [0.05566086492666955, 0.06062810488395427, 0.06607516776577665, 0.07324497150216516, 0.0756128318572765, 0.08749917808749201, 0.09899938128259404, 0.06242086722924344, 0.06768638207654651, 0.06165353275915853, 0.09072834493104595, 0.11107915685295898, 0.12061248757133294], "eliminated_this_episode": [0, 0, 0, 0, 0, 0, 0, 0, 0, 0, 0, 0, 1], "features": {"age": [35, 35, 35, 35, 35, 35, 35, 35, 35, 35, 35, 35, 35], "num_previous_seasons": [0, 0, 0, 0, 0, 0, 0, 0, 0, 0, 0, 0, 0], "votes_against_last_3_eps": [0, 0, 0, 0, 0, 0, 0, 0, 0, 0, 0, 0, 0], "times_in_danger": [0, 0, 0, 0, 0, 0, 0, 0, 0, 0, 0, 0, 0], "final_n": [18.0, 17.0, 16.0, 14.0, 13.0, 12.0, 11.0, 10.0, 9.0, 8.0, 7.0, 6.0, 5.0], "confessional_share_rolling_3": [0.0, 0.022988505747126436, 0.011494252873563218, 0.007662835249042145, 0.02040816326530612, 0.03170759829355471, 0.040479528118116115, 0.03930213408357922, 0.041608141232201384, 0.0908072259003936, 0.11324312333629104, 0.11270957658425688, 0.0817655891185303], "elim_risk_rank": [6.0, 6.0, 6.0, 5.5, 5.5, 3.5, 3.5, 8.0, 6.0, 8.0, 4.0, 3.0, 2.0]}}, {"season": 49, "castaway_id": "US0741", "castaway": "Matt", "won_season": 0, "episode": [1, 2, 3, 4], "prob_win": [0.03350642045365317, 0.03508365775673858, 0.044102560357734265, 0.04875914322157246], "prob_eliminated": [0.05689796567221987, 0.06197560593073203, 0.06754373350605207, 0.07487289102825438], "eliminated_this_episode": [0, 0, 0, 1], "features": {"age": [52, 52, 52, 52], "num_previous_seasons": [0, 0, 0, 0], "votes_against_last_3_eps": [0, 0, 0, 0], "times_in_danger": [0, 0, 0, 0], "final_n": [18.0, 17.0, 16.0, 14.0], "confessional_share_rolling_3": [0.0, 0.034482758620689655, 0.06353767560664111, 0.04235845040442741], "elim_risk_rank": [1.0, 2.0, 2.0, 3.0]}}, {"season": 49, "castaway_id": "US0742", "castaway": "MC", "won_season": 0, "episode": [1, 2, 3, 4, 5, 6, 7, 8],