{"model_info": {"features": ["age", "num_previous_seasons", "votes_against_last_3_eps", "times_in_danger", "final_n", "confessional_share_rolling_3", "elim_risk_rank"], "coefficients": [-0.23036359736509107, 0.1241476299304603, 0.04118431228420377, -0.43614215502786263, -0.46087727935513323, 0.34528243157916044, 0.14528355753646555], "intercept": -0.19526173686284257, "scaler_means": [33.150580329871715, 0.2399205864386072, 0.5536041539401344, 0.4654856444715944, 13.1311850946854, 0.06320740958260748, 7.0600183262064755], "scaler_stds": [9.963092611497183, 0.5554314418056163, 1.346174070344372, 0.8424445691647838, 4.106744456513386, 0.05349546913275788, 4.4228938883792]}, "players": [{"season": 44, "castaway_id": "US0645", "castaway": "Brandon", "won_season": 0, "episode": [1, 2, 3, 4, 5, 6, 7, 8], "prob_win": [0.06819842792878605, 0.05569722740917528, 0.0494281128881073, 0.050491264472810306, 0.051811098581004744, 0.057845710892523626, 0.07044903108496162, 0.08212170491845966], "prob_eliminated": [0.03762920003583118, 0.09455677481871379, 0.10061450775313725, 0.11836725579958146, 0.0868024099145758, 0.09318843686484453, 0.09540847539937737, 0.09566947447628611], "eliminated_this_episode": [0, 0, 0, 0, 0, 0, 0, 1], "features": {"age": [29, 29, 29, 29, 29, 29, 29, 29], "num_previous_seasons": [0, 0, 0, 0, 0, 0, 0, 0], "votes_against_last_3_eps": [0, 2, 2, 2, 0, 0, 0, 0], "times_in_danger": [0, 1, 1, 1, 1, 1, 1, 1], "final_n": [18.0, 16.0, 15.0, 14.0, 13.0, 12.0, 11.0, 10.0], "confessional_share_rolling_3": [0.0, 0.12844036697247707, 0.07641530543745804, 0.06046734648211489, 0.026662899833631543, 0.03213826070968928, 0.05118587975730834, 0.052929558920342325], "elim_risk_rank": [18.0, 1.0, 1.0, 1.0, 5.0, 5.0, 4.0, 5.0]}}, {"season": 44, "castaway_id": "US0646", "castaway": "Jaime", "won_season": 0, "episode": [1, 2, 3, 4, 5, 6, 7, 8, 9, 10, 11, 12], "prob_win": [0.0508318154429227, 0.05339535809040981, 0.052371231337210035, 0.06889259255461078, 0.08222898659100504, 0.09112245313487008, 0.09742876946146607, 0.1029603017096036, 0.11390885732992964, 0.09310782104119071, 0.13008242890582672, 0.16840069829220564], "prob_eliminated": [0.05894792475198505, 0.06850120521950677, 0.07288970099573729, 0.055415570995344714, 0.0567669831800848, 0.06094331290215395, 0.09655089779608689, 0.0968150220795324, 0.05839365401828579, 0.09638096242379891, 0.127928009650494, 0.11679221750699732], "eliminated_this_episode": [0, 0, 0, 0, 0, 0, 0, 0, 0, 0, 0, 1], "features": {"age": [35, 35, 35, 35, 35, 35, 35, 35, 35, 35, 35, 35], "num_previous_seasons": [0, 0, 0, 0, 0, 0, 0, 0, 0, 0, 0, 0], "votes_against_last_3_eps": [0, 0, 0, 0, 0, 0, 0, 0, 0, 1, 1, 1], "times_in_danger": [0, 0, 0, 0, 0, 0, 0, 0, 0, 1, 1, 1], "final_n": [18.0, 16.0, 15.0, 14.0, 13.0, 12.0, 11.0, 10.0, 9.0, 8.0, 7.0, 6.0], "confessional_share_rolling_3": [0.0, 0.045871559633027525, 0.022935779816513763, 0.03433813892529489, 0.055083655083655085, 0.0754918183489612, 0.09453943739658026, 0.06925608953258723, 0.04884792626728111, 0.027419354838709678, 0.06428571428571428, 0.0945887445887446], "elim_risk_rank": [9.0, 5.5, 4.5, 12.0, 12.0, 10.5, 3.0, 4.0, 8.5, 5.0, 5.0, 5.0]}}, {"season": 44, "castaway_id": "US0647", "castaway": "Kane", "won_season": 0, "episode": [1, 2, 3, 4, 5, 6, 7, 8, 9], "prob_win": [0.06474637837634305, 0.06736925758650297, 0.07421125140216032, 0.07295185553397751, 0.07643197306378816, 0.07736800647925521, 0.06699713031427545, 0.08265645247605796, 0.09514694151803395], "prob_eliminated": [0.05860759015830813, 0.06810571496360976, 0.07246887385252593, 0.0852555155351547, 0.08733463049221588, 0.0937598127488366, 0.11361870638976683, 0.11392952130807636, 0.10633212782024265], "eliminated_this_episode": [0, 0, 0, 0, 0, 0, 0, 0, 1], "features": {"age": [24, 24, 24, 24, 24, 24, 24, 24, 24], "num_previous_seasons": [0, 0, 0, 0, 0, 0, 0, 0, 0], "votes_against_last_3_eps": [0, 0, 0, 0, 0, 0, 1, 1, 1], "times_in_danger": [0, 0, 0, 0, 0, 0, 1, 1, 1], "final_n": [18.0, 16.0, 15.0, 14.0, 13.0, 12.0, 11.0, 10.0, 9.0], "confessional_share_rolling_3": [0.0, 0.05504587155963303, 0.06410830163347506, 0.05226267727945955, 0.03391405342624854, 0.016326530612244896, 0.02585034013605442, 0.04735571648014044, 0.05245775729646698], "elim_risk_rank": [12.0, 8.0, 7.0, 4.0, 4.0, 4.0, 2.0, 2.0, 3.0]}}, {"season": 44, "castaway_id": "US0648", "castaway": "Lauren", "won_season": 0, "episode": [1, 2, 3, 4, 5, 6, 7, 8, 9, 10, 11, 12, 13], "prob_win": [0.0644393769459543, 0.07165475051623457, 0.07578848543525372, 0.07517392628517243, 0.07797843417276752, 0.07662484839360909, 0.08596419934459788, 0.10166025076083444, 0.10764000485028355, 0.13886815887678106, 0.16847183856707312, 0.20035056446963878, 0.23100113035619393], "prob_eliminated": [0.0383356115621741, 0.04454839768973128, 0.04740236871801841, 0.05576619544090361, 0.05712615825752361, 0.06132891238101947, 0.06278995790713256, 0.06296172588669936, 0.10534389561621085, 0.14325137386842082, 0.1901398645315949, 0.17358869629720128, 0.2820186016379706], "eliminated_this_episode": [0, 0, 0, 0, 0, 0, 0, 0, 0, 0, 0, 0, 1], "features": {"age": [30, 30, 30, 30, 30, 30, 30, 30, 30, 30, 30, 30, 30], "num_previous_seasons": [0, 0, 0, 0, 0, 0, 0, 0, 0, 0, 0, 0, 0], "votes_against_last_3_eps": [0, 0, 0, 0, 0, 0, 0, 0, 0, 0, 0, 0, 0], "times_in_danger": [0, 0, 0, 0, 0, 0, 0, 0, 0, 0, 0, 0, 0], "final_n": [18.0, 16.0, 15.0, 14.0, 13.0, 12.0, 11.0, 10.0, 9.0, 8.0, 7.0, 6.0, 5.0], "confessional_share_rolling_3": [0.0, 0.06422018348623854, 0.05650033564555829, 0.047190699954181715, 0.02578397212543554, 0.009523809523809523, 0.0, 0.02150537634408602, 0.03341013824884793, 0.08341013824884792, 0.09047619047619047, 0.08867243867243868, 0.07907647907647906], "elim_risk_rank": [16.0, 14.0, 14.0, 11.0, 11.0, 9.0, 10.0, 9.0, 4.0, 2.0, 1.0, 3.0, 1.0]}}, {"season": 44, "castaway_id": "US0649", "castaway": "Maddy", "won_season": 0, "episode": [1], "prob_win": [0.05381249689354131], "prob_eliminated": [0.0590743280451211], "eliminated_this_episode": [1], "features": {"age": [28], "num_previous_seasons": [0], "votes_against_last_3_eps": [0], "times_in_danger": [0], "final_n": [18.0], "confessional_share_rolling_3": [0.0], "elim_risk_rank": [6.5]}}, {"season": 44, "castaway_id": "US0650", "castaway": "Matthew", "won_season": 0, "episode": [1, 2, 3, 4, 5], "prob_win": [0.03705825401565726, 0.06909276704858862, 0.06472713267730397, 0.061918306676954006, 0.06829512411273297], "prob_eliminated": [0.059889695972541075, 0.04499917546741477, 0.04788202535070954, 0.056330484235885527, 0.057704208288554416], "eliminated_this_episode": [0, 0, 0, 0, 1], "features": {"age": [43, 43, 43, 43, 43], "num_previous_seasons": [0, 0, 0, 0, 0], "votes_against_last_3_eps": [0, 0, 0, 0, 0], "times_in_danger": [0, 0, 0, 0, 0], "final_n": [18.0, 16.0, 15.0, 14.0, 13.0], "confessional_share_rolling_3": [0.0, 0.11009174311926606, 0.06724099351085254, 0.054351138531044556, 0.044680917851649564], "elim_risk_rank": [2.0, 12.0, 12.0, 8.0, 9.0]}}, {"season": 44, "castaway_id": "US0651", "castaway": "Claire", "won_season": 0, "episode": [1, 2, 3], "prob_win": [0.06242189924902773, 0.05899816404470398, 0.06299145352310602], "prob_eliminated": [0.05872395986857071, 0.06824094390402742, 0.07261276616801773], "eliminated_this_episode": [0, 0, 1], "features": {"age": [25, 25, 25], "num_previous_seasons": [0, 0, 0], "votes_against_last_3_eps": [0, 0, 0], "times_in_danger": [0, 0, 0], "final_n": [18.0, 16.0, 15.0], "confessional_share_rolling_3": [0.0, 0.027522935779816515, 0.02595658984112777], "elim_risk_rank": [11.0, 7.0, 6.0]}}, {"season": 44, "castaway_id": "US0652", "castaway": "Danny", "won_season": 0, "episode": [1, 2, 3, 4, 5, 6, 7, 8, 9, 10, 11], "prob_win": [0.04941489728323447, 0.058968023608938755, 0.0740434039162316, 0.08493227992909062, 0.09438751024753751, 0.09262926813091198, 0.08987862904880632, 0.10628256399096828, 0.1186156378843097, 0.1303697298601305, 0.12688538376114733],