{"model_info": {"features": ["age", "num_previous_seasons", "votes_against_last_3_eps", "times_in_danger", "final_n", "confessional_share_rolling_3", "elim_risk_rank"], "coefficients": [0.8508583094895965, 0.0, 0.2767487951224438, -0.9638130112785753, -0.027723726354330642, 1.2670731584015302, -0.027723726354330642], "intercept": -0.7752552222903721, "scaler_means": [34.284615384615385, 0.0, 0.6230769230769231, 0.7384615384615385, 11.4, 0.0735465157919771, 6.2], "scaler_stds": [14.895654820932807, 1.0, 1.1653021042128262, 1.1539487133907187, 3.4698703145794947, 0.04907071851357478, 1.7349351572897473]}, "players": [{"season": 2, "castaway_id": "US0017", "castaway": "Debb", "won_season": 0, "episode": [1], "prob_win": [0.10555944006043984], "prob_eliminated": [0.06770462474910956], "eliminated_this_episode": [1], "features": {"age": [45], "num_previous_seasons": [0], "votes_against_last_3_eps": [0], "times_in_danger": [0], "final_n": [16.0], "confessional_share_rolling_3": [0.0], "elim_risk_rank": [2.0]}}, {"season": 2, "castaway_id": "US0018", "castaway": "Kel", "won_season": 0, "episode": [1, 2], "prob_win": [0.04668553181052152, 0.014908657979670257], "prob_eliminated": [0.05649333392194333, 0.059194068829677614], "eliminated_this_episode": [0, 1], "features": {"age": [32, 32], "num_previous_seasons": [0, 0], "votes_against_last_3_eps": [0, 0], "times_in_danger": [0, 0], "final_n": [16.0, 15.0], "confessional_share_rolling_3": [0.0, 0.0], "elim_risk_rank": [13.5, 12.5]}}, {"season": 2, "castaway_id": "US0019", "castaway": "Maralyn", "won_season": 0, "episode": [1, 2, 3], "prob_win": [0.12406123525865204, 0.08992411402837946, 0.14069337528413503], "prob_eliminated": [0.05907426451445012, 0.06189838405647159, 0.06422642639350694], "eliminated_this_episode": [0, 0, 1], "features": {"age": [51, 51, 51], "num_previous_seasons": [0, 0, 0], "votes_against_last_3_eps": [0, 0, 0], "times_in_danger": [0, 0, 0], "final_n": [16.0, 15.0, 14.0], "confessional_share_rolling_3": [0.0, 0.047619047619047616, 0.08862433862433862], "elim_risk_rank": [11.0, 10.0, 10.0]}}, {"season": 2, "castaway_id": "US0020", "castaway": "Mitchell", "won_season": 0, "episode": [1, 2, 3, 4], "prob_win": [0.031080878986074607, 0.030157113119571248, 0.04932263912836549, 0.050963951333526485], "prob_eliminated": [0.06432890319323382, 0.06740422734865145, 0.06993934837571501, 0.09437614951645999], "eliminated_this_episode": [0, 0, 0, 1], "features": {"age": [23, 23, 23, 23], "num_previous_seasons": [0, 0, 0, 0], "votes_against_last_3_eps": [0, 0, 0, 1], "times_in_danger": [0, 0, 0, 1], "final_n": [16.0, 15.0, 14.0, 13.0], "confessional_share_rolling_3": [0.0, 0.047619047619047616, 0.0701058201058201, 0.08326689376917687], "elim_risk_rank": [8.5, 7.5, 7.5, 3.0]}}, {"season": 2, "castaway_id": "US0021", "castaway": "Kimmi", "won_season": 0, "episode": [1, 2, 3, 4, 5], "prob_win": [0.039429242359442195, 0.14070960161159754, 0.09361016145497164, 0.08244245994955579, 0.038348663046233626], "prob_eliminated": [0.06493104400656212, 0.0680351542611711, 0.07059400489905261, 0.0713243907988551, 0.06722780557320653], "eliminated_this_episode": [0, 0, 0, 0, 1], "features": {"age": [27, 27, 27, 27, 27], "num_previous_seasons": [0, 0, 0, 0, 0], "votes_against_last_3_eps": [0, 0, 0, 0, 0], "times_in_danger": [0, 0, 0, 0, 0], "final_n": [16.0, 15.0, 14.0, 13.0, 12.0], "confessional_share_rolling_3": [0.0, 0.14285714285714285, 0.0992063492063492, 0.07983619627455243, 0.04147640791476408], "elim_risk_rank": [7.0, 6.0, 6.0, 7.0, 7.0]}}, {"season": 2, "castaway_id": "US0022", "castaway": "Michael", "won_season": 0, "episode": [1, 2, 3, 4, 5, 6], "prob_win": [0.07297566949036687, 0.0884118766963797, 0.09172579501377243, 0.09269224913851316, 0.10943641282539297, 0.14246519634559024], "prob_eliminated": [0.06661347309570631, 0.06979801398974467, 0.07242316703834227, 0.0731724779762822, 0.06896974607988099, 0.07443537893378065], "eliminated_this_episode": [0, 0, 0, 0, 0, 1], "features": {"age": [38, 38, 38, 38, 38, 38], "num_previous_seasons": [0, 0, 0, 0, 0, 0], "votes_against_last_3_eps": [0, 0, 0, 0, 0, 0], "times_in_danger": [0, 0, 0, 0, 0, 0], "final_n": [16.0, 15.0, 14.0, 13.0, 12.0, 11.0], "confessional_share_rolling_3": [0.0, 0.07142857142857142, 0.07275132275132275, 0.062199511971201465, 0.07542702519871469, 0.10073566717402334], "elim_risk_rank": [4.0, 4.0, 5.0, 6.0, 5.0, 6.0]}}, {"season": 2, "castaway_id": "US0023", "castaway": "Jeff", "won_season": 0, "episode": [1, 2, 3, 4, 5, 6, 7], "prob_win": [0.05867263994161589, 0.10976294419001842, 0.08461078039555223, 0.10608030915670327, 0.049953471736420466, 0.03871344707519071, 0.045235945200788476], "prob_eliminated": [0.06599714924805648, 0.09228729733153296, 0.0957582883538893, 0.09674903117550587, 0.0683316214288166, 0.09841884539374511, 0.10922158018031845], "eliminated_this_episode": [0, 0, 0, 0, 0, 0, 1], "features": {"age": [34, 34, 34, 34, 34, 34, 34], "num_previous_seasons": [0, 0, 0, 0, 0, 0, 0], "votes_against_last_3_eps": [0, 1, 1, 1, 0, 1, 1], "times_in_danger": [0, 1, 1, 1, 1, 2, 2], "final_n": [16.0, 15.0, 14.0, 13.0, 12.0, 11.0, 10.0], "confessional_share_rolling_3": [0.0, 0.11904761904761904, 0.09656084656084656, 0.10090357807252785, 0.07048029764924742, 0.07912227295788939, 0.082996632996633], "elim_risk_rank": [5.0, 1.0, 1.0, 2.0, 6.0, 2.0, 2.0]}}, {"season": 2, "castaway_id": "US0024", "castaway": "Alicia", "won_season": 0, "episode": [1, 2, 3, 4, 5, 6, 7, 8], "prob_win": [0.04668553181052152, 0.025850844557668434, 0.03776731279515591, 0.050515049625429416, 0.05096982865911972, 0.05812944723429057, 0.09282196027792385, 0.12305430160418485], "prob_eliminated": [0.05649333392194333, 0.059194068829677614, 0.061420399943768564, 0.062055873085479496, 0.05849163412038792, 0.06312690995214755, 0.07005590066912548, 0.05535158564575271], "eliminated_this_episode": [0, 0, 0, 0, 0, 0, 0, 1], "features": {"age": [32, 32, 32, 32, 32, 32, 32, 32], "num_previous_seasons": [0, 0, 0, 0, 0, 0, 0, 0], "votes_against_last_3_eps": [0, 0, 0, 0, 0, 0, 0, 0], "times_in_danger": [0, 0, 0, 0, 0, 0, 0, 0], "final_n": [16.0, 15.0, 14.0, 13.0, 12.0, 11.0, 10.0, 9.0], "confessional_share_rolling_3": [0.0, 0.023809523809523808, 0.03968253968253968, 0.044719866637674854, 0.04604261796042617, 0.05252409944190766, 0.07466329966329967, 0.09154783125371362], "elim_risk_rank": [13.5, 12.5, 12.0, 11.0, 10.0, 9.0, 8.0, 8.0]}}, {"season": 2, "castaway_id": "US0025", "castaway": "Jerri", "won_season": 0, "episode": [1, 2, 3, 4, 5, 6, 7, 8, 10], "prob_win": [0.04692774175508894, 0.09515102139137795, 0.11565478626901493, 0.09373976216288585, 0.12384204201054365, 0.08941591325262534, 0.1165676663505491, 0.10616541344469545, 0.11030374545596562], "prob_eliminated": [0.06538601274130737, 0.06851187334871996, 0.09489834101226122, 0.12671164164241308, 0.11943383620648751, 0.09753500519654279, 0.08108347827522995, 0.06406454059315066, 0.15931053326532144], "eliminated_this_episode": [0, 0, 0, 0, 0, 0, 0, 0, 1], "features": {"age": [30, 30, 30, 30, 30, 30, 30, 30, 30], "num_previous_seasons": [0, 0, 0, 0, 0, 0, 0, 0, 0], "votes_against_last_3_eps": [0, 0, 1, 2, 2, 1, 0, 0, 4], "times_in_danger": [0, 0, 1, 2, 2, 2, 2, 2, 3], "final_n": [16.0, 15.0, 14.0, 13.0, 12.0, 11.0, 10.0, 9.0, 8.0], "confessional_share_rolling_3": [0.0, 0.09523809523809523, 0.13095238095238093, 0.12383126766688408, 0.1476407914764079, 0.133751902587519, 0.15782828282828282, 0.14802436125965537, 0.14676173499702913], "elim_risk_rank": [6.0, 5.0, 2.0, 1.0, 2.0, 3.0, 5.0, 5.0, 3.0]}}, {"season": 2, "castaway_id": "US0026", "castaway": "Nick", "won_season": 0, "episode": [1, 2, 3, 4, 5, 6, 7, 8, 10, 11], "prob_win": [0.02773019186386098, 0.015765164049695624, 0.012402460527921743, 0.015230770346748905, 0.015508106156734392, 0.01908981425623201, 0.029936812432299693, 0.03986957696876265, 0.041044362044400165, 0.08330612828980279],