{"model_info": {"features": ["age", "num_previous_seasons", "votes_against_last_3_eps", "times_in_danger", "final_n", "confessional_share_rolling_3", "elim_risk_rank"], "coefficients": [-0.3072939597662636, -0.033609005665072036, -0.005809201186401424, -0.14400072318132393, -0.41823382335280795, 0.257363363836372, 0.11659605600701649], "intercept": -0.1401777315055763, "scaler_means": [33.34760956175299, 0.09362549800796813, 0.4601593625498008, 0.4487051792828685, 12.216135458167331, 0.07000008573665832, 6.603585657370518], "scaler_stds": [10.112154153121, 0.29130699293138856, 1.116878107794806, 0.7973801204614018, 4.00461618664863, 0.05513266479243261, 4.081585443513666]}, "players": [{"season": 15, "castaway_id": "US0222", "castaway": "Chicken", "won_season": 0, "episode": [1], "prob_win": [0.03650630955915021], "prob_eliminated": [0.07322429072642567], "eliminated_this_episode": [1], "features": {"age": [47], "num_previous_seasons": [0], "votes_against_last_3_eps": [0], "times_in_danger": [0], "final_n": [16.0], "confessional_share_rolling_3": [0.0], "elim_risk_rank": [1.0]}}, {"season": 15, "castaway_id": "US0223", "castaway": "Ashley", "won_season": 0, "episode": [1, 2], "prob_win": [0.05929983157419009, 0.06105084924454707], "prob_eliminated": [0.06502426200359886, 0.09889080886300333], "eliminated_this_episode": [0, 1], "features": {"age": [28, 28], "num_previous_seasons": [0, 0], "votes_against_last_3_eps": [0, 2], "times_in_danger": [0, 1], "final_n": [16.0, 15.0], "confessional_share_rolling_3": [0.0, 0.0967741935483871], "elim_risk_rank": [4.0, 1.0]}}, {"season": 15, "castaway_id": "US0224", "castaway": "Leslie", "won_season": 0, "episode": [1, 2, 3], "prob_win": [0.046998214079108196, 0.05368440365806602, 0.06742815271545727], "prob_eliminated": [0.06923114935864477, 0.07136148190083644, 0.07802920841424522], "eliminated_this_episode": [0, 0, 1], "features": {"age": [38, 38, 38], "num_previous_seasons": [0, 0, 0], "votes_against_last_3_eps": [0, 0, 0], "times_in_danger": [0, 0, 0], "final_n": [16.0, 15.0, 14.0], "confessional_share_rolling_3": [0.0, 0.06451612903225806, 0.11797235023041475], "elim_risk_rank": [3.0, 3.0, 3.0]}}, {"season": 15, "castaway_id": "US0225", "castaway": "Dave", "won_season": 0, "episode": [1, 2, 3, 4], "prob_win": [0.056441538709480564, 0.06298239943310234, 0.05949800854335768, 0.062351899622303295], "prob_eliminated": [0.05934966593240312, 0.061175932372802985, 0.08158679505506124, 0.08552137609818626], "eliminated_this_episode": [0, 0, 0, 1], "features": {"age": [37, 37, 37, 37], "num_previous_seasons": [0, 0, 0, 0], "votes_against_last_3_eps": [0, 0, 1, 1], "times_in_danger": [0, 0, 1, 1], "final_n": [16.0, 15.0, 14.0, 13.0], "confessional_share_rolling_3": [0.0, 0.06451612903225806, 0.11797235023041475, 0.09253712237583206], "elim_risk_rank": [11.0, 11.0, 1.0, 2.0]}}, {"season": 15, "castaway_id": "US0226", "castaway": "Aaron", "won_season": 0, "episode": [1, 2, 3, 4, 5], "prob_win": [0.06474683578626557, 0.07081203087794322, 0.07147383896701871, 0.0769765492266649, 0.07829127543169526], "prob_eliminated": [0.057494842108544116, 0.05926403320657851, 0.06480142333606251, 0.06792651792586125, 0.07413284023959225], "eliminated_this_episode": [0, 0, 0, 0, 1], "features": {"age": [32, 32, 32, 32, 32], "num_previous_seasons": [0, 0, 0, 0, 0], "votes_against_last_3_eps": [0, 0, 0, 0, 0], "times_in_danger": [0, 0, 0, 0, 0], "final_n": [16.0, 15.0, 14.0, 13.0, 12.0], "confessional_share_rolling_3": [0.0, 0.06451612903225806, 0.046543778801843315, 0.044918074756784436, 0.03267195767195767], "elim_risk_rank": [13.0, 13.0, 12.0, 11.0, 9.0]}}, {"season": 15, "castaway_id": "US0227", "castaway": "Sherea", "won_season": 0, "episode": [1, 2, 3, 4, 5, 6], "prob_win": [0.06344481066165186, 0.06396555618708208, 0.0684679446634199, 0.0733931783552368, 0.0726530838794989, 0.08566700337896328], "prob_eliminated": [0.06421108242434223, 0.06618694097537245, 0.07237117943886406, 0.07586133088428586, 0.10082187422054154, 0.12491989468425192], "eliminated_this_episode": [0, 0, 0, 0, 0, 1], "features": {"age": [26, 26, 26, 26, 26, 26], "num_previous_seasons": [0, 0, 0, 0, 0, 0], "votes_against_last_3_eps": [0, 0, 0, 0, 1, 1], "times_in_danger": [0, 0, 0, 0, 1, 1], "final_n": [16.0, 15.0, 14.0, 13.0, 12.0, 11.0], "confessional_share_rolling_3": [0.0, 0.03225806451612903, 0.0304147465437788, 0.020276497695852533, 0.04656084656084656, 0.0787037037037037], "elim_risk_rank": [5.5, 5.5, 5.5, 5.5, 2.0, 2.0]}}, {"season": 15, "castaway_id": "US0228", "castaway": "Jaime", "won_season": 0, "episode": [1, 2, 3, 4, 5, 6, 7], "prob_win": [0.07147479178646204, 0.06554210921027168, 0.08578903259330221, 0.09559476446540421, 0.10126350506563936, 0.10321971623356413, 0.1052614708073073], "prob_eliminated": [0.06261227659464864, 0.06453893781009805, 0.07056919356321727, 0.07397244296203319, 0.08073117044247823, 0.10002719536189755, 0.10498730033232102], "eliminated_this_episode": [0, 0, 0, 0, 0, 0, 1], "features": {"age": [22, 22, 22, 22, 22, 22, 22], "num_previous_seasons": [0, 0, 0, 0, 0, 0, 0], "votes_against_last_3_eps": [0, 0, 0, 0, 0, 0, 0], "times_in_danger": [0, 0, 0, 0, 0, 0, 0], "final_n": [16.0, 15.0, 14.0, 13.0, 12.0, 11.0, 10.0], "confessional_share_rolling_3": [0.0, 0.0, 0.08571428571428572, 0.0988095238095238, 0.10806878306878308, 0.07592592592592592, 0.04660493827160494], "elim_risk_rank": [8.0, 8.0, 8.0, 8.0, 6.0, 6.5, 6.0]}}, {"season": 15, "castaway_id": "US0229", "castaway": "Jean-Robert", "won_season": 0, "episode": [1, 2, 3, 4, 5, 6, 7, 8], "prob_win": [0.05872748117374422, 0.05962907324448046, 0.06293528008184932, 0.052218920940187916, 0.06185657929629283, 0.07097109138605395, 0.07262434881326064, 0.07180763700370088], "prob_eliminated": [0.05897438489005649, 0.06078910344450639, 0.06646898993182068, 0.10324101734177206, 0.1126739611932422, 0.13960481765225513, 0.1465274805083586, 0.2350218957766056], "eliminated_this_episode": [0, 0, 0, 0, 0, 0, 0, 1], "features": {"age": [36, 36, 36, 36, 36, 36, 36, 36], "num_previous_seasons": [0, 0, 0, 0, 0, 0, 0, 0], "votes_against_last_3_eps": [0, 0, 0, 2, 2, 2, 2, 5], "times_in_danger": [0, 0, 0, 1, 1, 1, 2, 3], "final_n": [16.0, 15.0, 14.0, 13.0, 12.0, 11.0, 10.0, 9.0], "confessional_share_rolling_3": [0.0, 0.03225806451612903, 0.0304147465437788, 0.03416538658474142, 0.06044973544973545, 0.07592592592592591, 0.0867283950617284, 0.07635802469135802], "elim_risk_rank": [12.0, 12.0, 11.0, 1.0, 1.0, 1.0, 1.0, 1.0]}}, {"season": 15, "castaway_id": "US0230", "castaway": "Frosti", "won_season": 0, "episode": [1, 2, 3, 4, 5, 6, 7, 8, 9], "prob_win": [0.07653676209193296, 0.08140612644613619, 0.0833084450724919, 0.09038114185793943, 0.09373888816656767, 0.10699307600165743, 0.11505166904222597, 0.11985109143662089, 0.12352147915002298], "prob_eliminated": [0.061826489536965824, 0.06372897106226531, 0.06968354681805757, 0.07304408527459344, 0.07971799040278763, 0.09877184928910505, 0.10366970470556741, 0.16840176210349977, 0.2024912486381498], "eliminated_this_episode": [0, 0, 0, 0, 0, 0, 0, 0, 1], "features": {"age": [20, 20, 20, 20, 20, 20, 20, 20, 20], "num_previous_seasons": [0, 0, 0, 0, 0, 0, 0, 0, 0], "votes_against_last_3_eps": [0, 0, 0, 0, 0, 0, 0, 0, 0], "times_in_danger": [0, 0, 0, 0, 0, 0, 0, 0, 0], "final_n": [16.0, 15.0, 14.0, 13.0, 12.0, 11.0, 10.0, 9.0, 8.0], "confessional_share_rolling_3": [0.0, 0.06451612903225806, 0.046543778801843315, 0.044918074756784436, 0.04193121693121693, 0.07407407407407407, 0.07253086419753085, 0.06734567901234569, 0.03849952516619184], "elim_risk_rank": [10.0, 10.0, 10.0, 10.0, 8.0, 8.0, 8.0, 2.0, 1.0]}}, {"season": 15, "castaway_id": "US0231", "castaway": "James", "won_season": 0, "episode": [1, 2, 3, 4, 5, 6, 7, 8, 9, 11], "prob_win": [0.06844882206239575, 0.06849936948249492, 0.06945950979962745, 0.07676424887768069, 0.08012731494678862, 0.08580392959088169, 0.10334765537713891, 0.12368514462091061, 0.134211470892757, 0.14952144775566908],