{"model_info": {"features": ["age", "num_previous_seasons", "votes_against_last_3_eps", "times_in_danger", "final_n", "confessional_share_rolling_3", "elim_risk_rank"], "coefficients": [-0.23532697050208534, 0.11485469006673465, 0.03277575857670642, -0.41074924827105064, -0.39026855030987634, 0.3984873047499046, 0.09492330409515717], "intercept": -0.18837984744512978, "scaler_means": [32.97878625134264, 0.21227175080558539, 0.5401450053705693, 0.4563641245972073, 13.100295381310419, 0.06349436856012049, 7.045247046186896], "scaler_stds": [9.717675825332703, 0.5273658220387576, 1.3286480616690335, 0.8308804309972265, 4.0768016147181045, 0.05267887036283928, 4.410225335070794]}, "players": [{"season": 50, "castaway_id": "US0009", "castaway": "Jenna", "won_season": 0, "episode": [1], "prob_win": [0.0395842416362931], "prob_eliminated": [0.04277876831905004], "eliminated_this_episode": [1], "features": {"age": [47], "num_previous_seasons": [2], "votes_against_last_3_eps": [0], "times_in_danger": [0], "final_n": [24.0], "confessional_share_rolling_3": [0.0], "elim_risk_rank": [16.0]}}, {"season": 50, "castaway_id": "US0031", "castaway": "Colby", "won_season": 0, "episode": [1, 2, 3, 4, 5, 6], "prob_win": [0.04414762626063848, 0.048340142641658215, 0.05034256207908137, 0.05173275120439944, 0.055006160622056106, 0.0645117214370969], "prob_eliminated": [0.04261819002958848, 0.04626396847639632, 0.04591666231916305, 0.048616253392334524, 0.0491668564451231, 0.05404446807991168], "eliminated_this_episode": [0, 0, 0, 0, 0, 0], "features": {"age": [51, 51, 51, 51, 51, 51], "num_previous_seasons": [3, 3, 3, 3, 3, 3], "votes_against_last_3_eps": [0, 0, 0, 0, 0, 0], "times_in_danger": [0, 0, 0, 0, 0, 0], "final_n": [24.0, 22.0, 21.0, 20.0, 19.0, 17.0], "confessional_share_rolling_3": [0.0, 0.0423728813559322, 0.030801825293350717, 0.026595156256173202, 0.029564879564879566, 0.042762466291878055], "elim_risk_rank": [17.0, 16.0, 18.0, 16.0, 15.0, 13.0]}}, {"season": 50, "castaway_id": "US0144", "castaway": "Stephenie", "won_season": 0, "episode": [1, 2, 3, 4, 5, 6], "prob_win": [0.049923949667849125, 0.05583818062742514, 0.05447054686654596, 0.05796249156912882, 0.06062331917364787, 0.04770782335897495], "prob_eliminated": [0.04216057493630628, 0.045767206642183464, 0.04542362970337616, 0.048094233773112824, 0.04863892469619368, 0.06347736116118284], "eliminated_this_episode": [0, 0, 0, 0, 0, 0], "features": {"age": [45, 45, 45, 45, 45, 45], "num_previous_seasons": [3, 3, 3, 3, 3, 3], "votes_against_last_3_eps": [0, 0, 0, 0, 0, 1], "times_in_danger": [0, 0, 0, 0, 0, 1], "final_n": [24.0, 22.0, 21.0, 20.0, 19.0, 17.0], "confessional_share_rolling_3": [0.0, 0.05084745762711865, 0.025423728813559324, 0.029070364663585004, 0.029215229215229215, 0.04882307235248412], "elim_risk_rank": [18.0, 17.0, 19.0, 17.0, 16.0, 3.0]}}, {"season": 50, "castaway_id": "US0179", "castaway": "Cirie", "won_season": 0, "episode": [1, 2, 3, 4, 5, 6], "prob_win": [0.052274162921438404, 0.027416721147378708, 0.032767462744770236, 0.03719276109876649, 0.048322899013612294, 0.048450333174370676], "prob_eliminated": [0.03975356506732782, 0.05128345240640058, 0.050898464707085304, 0.053890952270887076, 0.04586205621332532, 0.05041181422421463], "eliminated_this_episode": [0, 0, 0, 0, 0, 0], "features": {"age": [54, 54, 54, 54, 54, 54], "num_previous_seasons": [4, 4, 4, 4, 4, 4], "votes_against_last_3_eps": [0, 1, 1, 1, 0, 0], "times_in_danger": [0, 1, 1, 1, 1, 1], "final_n": [24.0, 22.0, 21.0, 20.0, 19.0, 17.0], "confessional_share_rolling_3": [0.0, 0.025423728813559324, 0.04155801825293351, 0.04588716368377385, 0.03741258741258741, 0.01818181818181818], "elim_risk_rank": [21.0, 1.0, 1.0, 2.0, 19.0, 16.0]}}, {"season": 50, "castaway_id": "US0201", "castaway": "Oscar", "won_season": 0, "episode": [1, 2, 3, 4, 5, 6], "prob_win": [0.06529075659211306, 0.09603371980527135, 0.05494697118268851, 0.054287691156934735, 0.04842386800620198, 0.06626337031110931], "prob_eliminated": [0.025359917988345426, 0.027529335374455313, 0.0499097905840254, 0.052844150755676236, 0.053442636831789264, 0.04941786436102458], "eliminated_this_episode": [0, 0, 0, 0, 0, 0], "features": {"age": [43, 43, 43, 43, 43, 43], "num_previous_seasons": [4, 4, 4, 4, 4, 4], "votes_against_last_3_eps": [0, 0, 1, 1, 1, 0], "times_in_danger": [0, 0, 1, 1, 1, 1], "final_n": [24.0, 22.0, 21.0, 20.0, 19.0, 17.0], "confessional_share_rolling_3": [0.0, 0.16101694915254236, 0.09973924380704041, 0.07861404132590573, 0.042035742035742035, 0.04882307235248412], "elim_risk_rank": [24.0, 22.0, 3.0, 4.0, 4.0, 17.0]}}, {"season": 50, "castaway_id": "US0277", "castaway": "Coach", "won_season": 0, "episode": [1, 2, 3, 4, 5, 6], "prob_win": [0.043968820951628004, 0.05437774797512632, 0.05571700213653979, 0.05530083308449622, 0.05646394511411479, 0.06355546085123695], "prob_eliminated": [0.04142707507042504, 0.04497095943766795, 0.044633359970441995, 0.04725750149240902, 0.04779271600963843, 0.05253400566127492], "eliminated_this_episode": [0, 0, 0, 0, 0, 0], "features": {"age": [53, 53, 53, 53, 53, 53], "num_previous_seasons": [3, 3, 3, 3, 3, 3], "votes_against_last_3_eps": [0, 0, 0, 0, 0, 0], "times_in_danger": [0, 0, 0, 0, 0, 0], "final_n": [24.0, 22.0, 21.0, 20.0, 19.0, 17.0], "confessional_share_rolling_3": [0.0, 0.06779661016949153, 0.053129074315514994, 0.04147998893761606, 0.03597513597513597, 0.042762466291878055], "elim_risk_rank": [19.0, 18.0, 20.0, 18.0, 17.0, 14.0]}}, {"season": 50, "castaway_id": "US0477", "castaway": "Aubry", "won_season": 0, "episode": [1, 2, 3, 4, 5, 6], "prob_win": [0.056972986056574915, 0.05570581243713482, 0.06759155615163108, 0.06746287660276822, 0.07476207684936603, 0.08142483957157158], "prob_eliminated": [0.040393513307541824, 0.04384898150328734, 0.043519804786156614, 0.04607847674907588, 0.046600338229456605, 0.051223337712589655], "eliminated_this_episode": [0, 0, 0, 0, 0, 0], "features": {"age": [39, 39, 39, 39, 39, 39], "num_previous_seasons": [3, 3, 3, 3, 3, 3], "votes_against_last_3_eps": [0, 0, 0, 0, 0, 0], "times_in_danger": [0, 0, 0, 0, 0, 0], "final_n": [24.0, 22.0, 21.0, 20.0, 19.0, 17.0], "confessional_share_rolling_3": [0.0, 0.025423728813559324, 0.051173402868318126, 0.040176207972818144, 0.057342657342657345, 0.06111339640751406], "elim_risk_rank": [20.0, 19.0, 21.0, 19.0, 18.0, 15.0]}}, {"season": 50, "castaway_id": "US0515", "castaway": "Chrissy", "won_season": 0, "episode": [1, 2, 3, 4, 5, 6], "prob_win": [0.021927072113529282, 0.022777427109672732, 0.023562176501719646, 0.027853152931710635, 0.030613015610637607, 0.03863356198948182], "prob_eliminated": [0.04666691144187105, 0.05065903827306081, 0.05027873808500568, 0.05323478988949325, 0.05383770014650484, 0.05917868412659614], "eliminated_this_episode": [0, 0, 0, 0, 0, 0], "features": {"age": [54, 54, 54, 54, 54, 54], "num_previous_seasons": [1, 1, 1, 1, 1, 1], "votes_against_last_3_eps": [0, 0, 0, 0, 0, 0], "times_in_danger": [0, 0, 0, 0, 0, 0], "final_n": [24.0, 22.0, 21.0, 20.0, 19.0, 17.0], "confessional_share_rolling_3": [0.0, 0.01694915254237288, 0.00847457627118644, 0.017770929635336413, 0.020668220668220667, 0.030472142236848115], "elim_risk_rank": [1.0, 2.0, 2.0, 3.0, 3.0, 4.0]}}, {"season": 50, "castaway_id": "US0550", "castaway": "Christian", "won_season": 0, "episode": [1, 2, 3, 4, 5, 6], "prob_win": [0.035675211708578694, 0.051237762295729315, 0.06608820412933906, 0.06814834077410406, 0.07850565970640538, 0.08351663268732747], "prob_eliminated": [0.04401250344053349, 0.03120238823727055, 0.04741888984250447, 0.0502068017954406, 0.050775418593535515, 0.055812608082546566], "eliminated_this_episode": [0, 0, 0, 0, 0, 0], "features": {"age": [39, 39, 39, 39, 39, 39], "num_previous_seasons": [1, 1, 1, 1, 1, 1], "votes_against_last_3_eps": [0, 0, 0, 0, 0, 0], "times_in_danger": [0, 0, 0, 0, 0, 0], "final_n": [24.0, 22.0, 21.0, 20.0, 19.0, 17.0],