{"model_info": {"features": ["age", "num_previous_seasons", "votes_against_last_3_eps", "times_in_danger", "final_n", "confessional_share_rolling_3", "elim_risk_rank"], "coefficients": [1.157076441592359, 0.0, -0.04434910651988345, -1.1958721485914248, -0.18236431676345927, 0.7913565753981414, -0.6568311334588279], "intercept": -0.7849010563205414, "scaler_means": [33.57034220532319, 0.0, 0.596958174904943, 0.5665399239543726, 11.304182509505704, 0.075581641713904, 6.152091254752852], "scaler_stds": [12.547468602230497, 1.0, 1.410549021472454, 0.9838729077458084, 3.563474080953254, 0.053551790326928264, 2.9967766903118633]}, "players": [{"season": 3, "castaway_id": "US0033", "castaway": "Diane", "won_season": 0, "episode": [1], "prob_win": [0.035976345813830427], "prob_eliminated": [0.05665416717558907], "eliminated_this_episode": [1], "features": {"age": [42], "num_previous_seasons": [0], "votes_against_last_3_eps": [0], "times_in_danger": [0], "final_n": [16.0], "confessional_share_rolling_3": [0.0], "elim_risk_rank": [12.0]}}, {"season": 3, "castaway_id": "US0034", "castaway": "Jessie", "won_season": 0, "episode": [1, 2], "prob_win": [0.028306592284658753, 0.025078239711248354], "prob_eliminated": [0.06592668304572921, 0.06840750021058394], "eliminated_this_episode": [0, 1], "features": {"age": [26, 26], "num_previous_seasons": [0, 0], "votes_against_last_3_eps": [0, 0], "times_in_danger": [0, 0], "final_n": [16.0, 15.0], "confessional_share_rolling_3": [0.0, 0.04], "elim_risk_rank": [6.5, 7.5]}}, {"season": 3, "castaway_id": "US0035", "castaway": "Carl", "won_season": 0, "episode": [1, 2, 3], "prob_win": [0.08195349393638746, 0.044259335982258764, 0.0844453004831873], "prob_eliminated": [0.05884201203451675, 0.06105623345027588, 0.06357103273726931], "eliminated_this_episode": [0, 0, 1], "features": {"age": [46, 46, 46], "num_previous_seasons": [0, 0, 0], "votes_against_last_3_eps": [0, 0, 0], "times_in_danger": [0, 0, 0], "final_n": [16.0, 15.0, 14.0], "confessional_share_rolling_3": [0.0, 0.0, 0.043478260869565216], "elim_risk_rank": [9.0, 10.0, 9.0]}}, {"season": 3, "castaway_id": "US0036", "castaway": "Linda", "won_season": 0, "episode": [1, 2, 3, 4], "prob_win": [0.17382960958054275, 0.13037935240999293, 0.11967698710625828, 0.12433764086410669], "prob_eliminated": [0.07788776143122934, 0.08081867326485936, 0.08414745282457041, 0.07774707987681732], "eliminated_this_episode": [0, 0, 0, 1], "features": {"age": [44, 44, 44, 44], "num_previous_seasons": [0, 0, 0, 0], "votes_against_last_3_eps": [0, 0, 0, 0], "times_in_danger": [0, 0, 0, 0], "final_n": [16.0, 15.0, 14.0, 13.0], "confessional_share_rolling_3": [0.0, 0.04, 0.02, 0.022342342342342347], "elim_risk_rank": [2.0, 2.0, 3.0, 4.0]}}, {"season": 3, "castaway_id": "US0037", "castaway": "Silas", "won_season": 0, "episode": [1, 2, 3, 4, 5], "prob_win": [0.0036501337690847155, 0.0029088991861622154, 0.006393145140531688, 0.01134326192604642, 0.044545801922730915], "prob_eliminated": [0.047242714682157766, 0.04902045522791732, 0.05103952189628062, 0.0471573844786187, 0.08634675952075441], "eliminated_this_episode": [0, 0, 0, 0, 1], "features": {"age": [23, 23, 23, 23, 23], "num_previous_seasons": [0, 0, 0, 0, 0], "votes_against_last_3_eps": [0, 0, 0, 0, 3], "times_in_danger": [0, 0, 0, 0, 1], "final_n": [16.0, 15.0, 14.0, 13.0, 12.0], "confessional_share_rolling_3": [0.0, 0.0, 0.03260869565217391, 0.048766157461809644, 0.09543282412847631], "elim_risk_rank": [15.0, 14.0, 13.0, 12.0, 3.0]}}, {"season": 3, "castaway_id": "US0038", "castaway": "Lindsey", "won_season": 0, "episode": [1, 2, 3, 4, 5, 6], "prob_win": [0.028306592284658753, 0.061745913646104524, 0.0754856170817131, 0.08135742059249206, 0.08951384805819353, 0.07800268324315981], "prob_eliminated": [0.06592668304572921, 0.06840750021058394, 0.07122508529621949, 0.200604735342134, 0.21630330630679398, 0.23938228904281453], "eliminated_this_episode": [0, 0, 0, 0, 0, 1], "features": {"age": [26, 26, 26, 26, 26, 26], "num_previous_seasons": [0, 0, 0, 0, 0, 0], "votes_against_last_3_eps": [0, 0, 0, 7, 7, 7], "times_in_danger": [0, 0, 0, 1, 1, 1], "final_n": [16.0, 15.0, 14.0, 13.0, 12.0, 11.0], "confessional_share_rolling_3": [0.0, 0.12, 0.12521739130434784, 0.12852330591461025, 0.1218566392479436, 0.11256641256641257], "elim_risk_rank": [6.5, 7.5, 7.0, 1.0, 1.0, 1.0]}}, {"season": 3, "castaway_id": "US0039", "castaway": "Clarence", "won_season": 0, "episode": [1, 2, 3, 4, 5, 6, 7], "prob_win": [0.0049605119004399794, 0.01347751123008273, 0.018017809437429762, 0.013934941045723926, 0.013717133452993989, 0.0026600958224560706, 0.005394746889830707], "prob_eliminated": [0.047699696168738946, 0.07065075245203571, 0.10359757043579694, 0.09571779434022615, 0.07328433284338814, 0.05681739421328191, 0.06667758033419914], "eliminated_this_episode": [0, 0, 0, 0, 0, 0, 1], "features": {"age": [24, 24, 24, 24, 24, 24, 24], "num_previous_seasons": [0, 0, 0, 0, 0, 0, 0], "votes_against_last_3_eps": [0, 2, 4, 4, 2, 0, 0], "times_in_danger": [0, 1, 2, 2, 2, 2, 2], "final_n": [16.0, 15.0, 14.0, 13.0, 12.0, 11.0, 10.0], "confessional_share_rolling_3": [0.0, 0.04, 0.09608695652173914, 0.08207598903251077, 0.10874265569917745, 0.06656502656502657, 0.09505863645398528], "elim_risk_rank": [14.0, 4.0, 1.0, 2.0, 5.0, 10.0, 9.0]}}, {"season": 3, "castaway_id": "US0040", "castaway": "Kelly", "won_season": 0, "episode": [1, 2, 3, 4, 5, 6, 7, 9], "prob_win": [0.0026826047209569663, 0.002140084527875323, 0.005525209789867614, 0.006365037479214064, 0.010274520754986948, 0.013115759688609263, 0.023671598131362017, 0.05200377339903442], "prob_eliminated": [0.04678979221323094, 0.048550489313402875, 0.05055019890911454, 0.04670528008220783, 0.05036025937541528, 0.055733564002845376, 0.06540566040676044, 0.06537620342436143], "eliminated_this_episode": [0, 0, 0, 0, 0, 0, 0, 1], "features": {"age": [22, 22, 22, 22, 22, 22, 22, 22], "num_previous_seasons": [0, 0, 0, 0, 0, 0, 0, 0], "votes_against_last_3_eps": [0, 0, 0, 0, 0, 0, 0, 0], "times_in_danger": [0, 0, 0, 0, 0, 0, 0, 0], "final_n": [16.0, 15.0, 14.0, 13.0, 12.0, 11.0, 10.0, 9.0], "confessional_share_rolling_3": [0.0, 0.0, 0.043478260869565216, 0.028985507246376812, 0.035652173913043476, 0.04085470085470085, 0.06411051480818923, 0.11299940369707812], "elim_risk_rank": [16.0, 15.0, 14.0, 13.0, 12.0, 11.0, 10.0, 9.0]}}, {"season": 3, "castaway_id": "US0041", "castaway": "Brandon", "won_season": 0, "episode": [1, 2, 3, 4, 5, 6, 7, 9, 10], "prob_win": [0.019234316369248744, 0.02895775859183357, 0.030569186595495484, 0.03762478567523277, 0.037770404671849445, 0.04918122394418459, 0.0549696444382957, 0.07301286326722936, 0.07970953762423263], "prob_eliminated": [0.06531284275989915, 0.06777056115127987, 0.0705619118329622, 0.06519487413333074, 0.07029677941173124, 0.0777972572645297, 0.09129832409356464, 0.09125720573914153, 0.0869130312044292], "eliminated_this_episode": [0, 0, 0, 0, 0, 0, 0, 0, 1], "features": {"age": [25, 25, 25, 25, 25, 25, 25, 25, 25], "num_previous_seasons": [0, 0, 0, 0, 0, 0, 0, 0, 0], "votes_against_last_3_eps": [0, 0, 0, 0, 0, 0, 0, 0, 0], "times_in_danger": [0, 0, 0, 0, 0, 0, 0, 0, 0], "final_n": [16.0, 15.0, 14.0, 13.0, 12.0, 11.0, 10.0, 9.0, 8.0], "confessional_share_rolling_3": [0.0, 0.08, 0.06173913043478261, 0.0681864473168821, 0.05485311398354877, 0.06600138600138601, 0.06998211091234348, 0.11220433313456568, 0.1017148226450552], "elim_risk_rank": [8.0, 9.0, 8.0, 8.0, 8.0, 7.0, 7.0, 8.0, 7.0]}}, {"season": 3, "castaway_id": "US0042", "castaway": "Frank", "won_season": 0, "episode": [1, 2, 3, 4, 5, 6, 7, 9, 10, 11], "prob_win": [0.04696218555250747, 0.0863616588544549, 0.09233653300368339, 0.10876040461811295, 0.1315130740524696, 0.12440112884888804, 0.13360495645239343, 0.1339222542049612, 0.09243384581362314, 0.07925292085378788],