{"model_info": {"features": ["age", "num_previous_seasons", "votes_against_last_3_eps", "times_in_danger", "final_n", "confessional_share_rolling_3", "elim_risk_rank"], "coefficients": [0.19003223717858875, 0.0, 0.08314831373374654, -0.9860437988378183, -0.6341572951699865, 0.3575785637767857, 0.2236404614522367], "intercept": -0.2971663068740038, "scaler_means": [35.21133231240429, 0.0, 0.5191424196018377, 0.442572741194487, 11.361408882082696, 0.07441316397933603, 6.180704441041348], "scaler_stds": [11.608918004915521, 1.0, 1.294948791761591, 0.8218833913805831, 3.508185026540331, 0.05560004581678425, 3.5250529469283105]}, "players": [{"season": 6, "castaway_id": "US0081", "castaway": "Ryan", "won_season": 0, "episode": [1], "prob_win": [0.03825792581172704], "prob_eliminated": [0.0742182476961351], "eliminated_this_episode": [1], "features": {"age": [23], "num_previous_seasons": [0], "votes_against_last_3_eps": [0], "times_in_danger": [0], "final_n": [16.0], "confessional_share_rolling_3": [0.0], "elim_risk_rank": [1.5]}}, {"season": 6, "castaway_id": "US0082", "castaway": "Janet", "won_season": 0, "episode": [1, 2], "prob_win": [0.06416430214940265, 0.07237331395733472], "prob_eliminated": [0.06960116006400889, 0.0701835368021604], "eliminated_this_episode": [0, 1], "features": {"age": [46, 46], "num_previous_seasons": [0, 0], "votes_against_last_3_eps": [0, 0], "times_in_danger": [0, 0], "final_n": [16.0, 15.0], "confessional_share_rolling_3": [0.0, 0.056338028169014086], "elim_risk_rank": [6.0, 6.0]}}, {"season": 6, "castaway_id": "US0083", "castaway": "Daniel", "won_season": 0, "episode": [1, 2, 3], "prob_win": [0.04535113654553833, 0.01642281664834463, 0.02137453714078685], "prob_eliminated": [0.07360091791022393, 0.09226781003782368, 0.0945494222983029], "eliminated_this_episode": [0, 0, 1], "features": {"age": [26, 26, 26], "num_previous_seasons": [0, 0, 0], "votes_against_last_3_eps": [0, 1, 1], "times_in_danger": [0, 1, 1], "final_n": [16.0, 15.0, 14.0], "confessional_share_rolling_3": [0.0, 0.028169014084507043, 0.014084507042253521], "elim_risk_rank": [4.0, 2.0, 3.0]}}, {"season": 6, "castaway_id": "US0084", "castaway": "JoAnna", "won_season": 0, "episode": [1, 2, 3, 4], "prob_win": [0.07060143170275071, 0.06652311902181546, 0.08977179204299568, 0.09268731737143654], "prob_eliminated": [0.05491106498919348, 0.055370524671868634, 0.05673973531975022, 0.061063107806745044], "eliminated_this_episode": [0, 0, 0, 1], "features": {"age": [31, 31, 31, 31], "num_previous_seasons": [0, 0, 0, 0], "votes_against_last_3_eps": [0, 0, 0, 0], "times_in_danger": [0, 0, 0, 0], "final_n": [16.0, 15.0, 14.0, 13.0], "confessional_share_rolling_3": [0.0, 0.014084507042253521, 0.03143249742356578, 0.030478807806186715], "elim_risk_rank": [12.0, 12.0, 12.0, 11.0]}}, {"season": 6, "castaway_id": "US0085", "castaway": "Jeanne", "won_season": 0, "episode": [1, 2, 3, 4, 5], "prob_win": [0.08811042874531086, 0.09354165564318764, 0.05342713007412108, 0.057655408402423156, 0.06769587507251272], "prob_eliminated": [0.05351290197900451, 0.053960662753033184, 0.06924704373167029, 0.07452343005931361, 0.07906383887269718], "eliminated_this_episode": [0, 0, 0, 0, 1], "features": {"age": [40, 40, 40, 40, 40], "num_previous_seasons": [0, 0, 0, 0, 0], "votes_against_last_3_eps": [0, 0, 1, 1, 1], "times_in_danger": [0, 0, 1, 1, 1], "final_n": [16.0, 15.0, 14.0, 13.0, 12.0], "confessional_share_rolling_3": [0.0, 0.056338028169014086, 0.10133974579182412, 0.10565506862312084, 0.10838110224420217], "elim_risk_rank": [15.0, 15.0, 8.0, 7.0, 6.0]}}, {"season": 6, "castaway_id": "US0086", "castaway": "Shawna", "won_season": 0, "episode": [1, 2, 3, 4, 5, 6], "prob_win": [0.03825792581172704, 0.04643724633766566, 0.0636376879790687, 0.0708105280310587, 0.04356503787263966, 0.05217221786408451], "prob_eliminated": [0.0742182476961351, 0.07483925718742584, 0.07668989357615114, 0.08253339943759429, 0.13439858847159075, 0.14566262686482964], "eliminated_this_episode": [0, 0, 0, 0, 0, 1], "features": {"age": [23, 23, 23, 23, 23, 23], "num_previous_seasons": [0, 0, 0, 0, 0, 0], "votes_against_last_3_eps": [0, 0, 0, 0, 2, 2], "times_in_danger": [0, 0, 0, 0, 1, 1], "final_n": [16.0, 15.0, 14.0, 13.0, 12.0, 11.0], "confessional_share_rolling_3": [0.0, 0.04225352112676056, 0.04551700446581931, 0.05891609821530811, 0.09859503203326964, 0.09748638458315878], "elim_risk_rank": [1.5, 3.0, 4.0, 3.0, 1.0, 1.0]}}, {"season": 6, "castaway_id": "US0087", "castaway": "Roger", "won_season": 0, "episode": [1, 2, 3, 4, 5, 6, 7], "prob_win": [0.10634681203392028, 0.03365194275777226, 0.03915343059948981, 0.015979373549798715, 0.022166198162911734, 0.0253179830911897, 0.0365592631285215], "prob_eliminated": [0.05110813931090886, 0.09995664534711628, 0.10242838828159001, 0.13579028440232963, 0.07557708766525031, 0.08191125550727724, 0.07453108777232527], "eliminated_this_episode": [0, 0, 0, 0, 0, 0, 1], "features": {"age": [56, 56, 56, 56, 56, 56, 56], "num_previous_seasons": [0, 0, 0, 0, 0, 0, 0], "votes_against_last_3_eps": [0, 3, 3, 4, 1, 1, 0], "times_in_danger": [0, 1, 1, 2, 2, 2, 2], "final_n": [16.0, 15.0, 14.0, 13.0, 12.0, 11.0, 10.0], "confessional_share_rolling_3": [0.0, 0.07042253521126761, 0.04740638955685332, 0.0411280692283784, 0.028406578996665544, 0.035428012847367685, 0.025904203323558167], "elim_risk_rank": [16.0, 1.0, 1.0, 1.0, 7.0, 5.0, 10.0]}}, {"season": 6, "castaway_id": "US0088", "castaway": "Dave", "won_season": 0, "episode": [1, 2, 3, 4, 5, 6, 7, 8], "prob_win": [0.055910816231735785, 0.06445111342367323, 0.08440747630721411, 0.0899190923919958, 0.11400302238440939, 0.1382120576388007, 0.14781198795686082, 0.15468088967464647], "prob_eliminated": [0.05618202898509017, 0.056652123258705445, 0.0580530254688723, 0.06247646614381617, 0.06628290255291153, 0.0718381183305618, 0.08193034984197342, 0.0778999425736309], "eliminated_this_episode": [0, 0, 0, 0, 0, 0, 0, 1], "features": {"age": [23, 23, 23, 23, 23, 23, 23, 23], "num_previous_seasons": [0, 0, 0, 0, 0, 0, 0, 0], "votes_against_last_3_eps": [0, 0, 0, 0, 0, 0, 0, 0], "times_in_danger": [0, 0, 0, 0, 0, 0, 0, 0], "final_n": [16.0, 15.0, 14.0, 13.0, 12.0, 11.0, 10.0, 9.0], "confessional_share_rolling_3": [0.0, 0.056338028169014086, 0.06475437993816557, 0.0717410151968723, 0.09597242516203963, 0.13218824186566122, 0.12322465643148757, 0.12525894878836055], "elim_risk_rank": [9.0, 9.0, 9.0, 8.0, 8.0, 7.0, 6.0, 7.0]}}, {"season": 6, "castaway_id": "US0089", "castaway": "Deena", "won_season": 0, "episode": [1, 2, 3, 4, 5, 6, 7, 8, 9], "prob_win": [0.08035225026535715, 0.09516428312408008, 0.12301071315633447, 0.12036944343468836, 0.139237034927938, 0.15054459832333, 0.16948550255734007, 0.16205381534264687, 0.19567302076757817], "prob_eliminated": [0.054285554590387766, 0.05473978041337723, 0.0560933939225296, 0.06036751742028959, 0.06404546418037588, 0.06941315870488386, 0.07916471795876842, 0.12982797947697566, 0.13594596952542343], "eliminated_this_episode": [0, 0, 0, 0, 0, 0, 0, 0, 1], "features": {"age": [35, 35, 35, 35, 35, 35, 35, 35, 35], "num_previous_seasons": [0, 0, 0, 0, 0, 0, 0, 0, 0], "votes_against_last_3_eps": [0, 0, 0, 0, 0, 0, 0, 0, 0], "times_in_danger": [0, 0, 0, 0, 0, 0, 0, 0, 0], "final_n": [16.0, 15.0, 14.0, 13.0, 12.0, 11.0, 10.0, 9.0, 8.0], "confessional_share_rolling_3": [0.0, 0.08450704225352113, 0.10322913088285812, 0.08786703963619114, 0.10270877823985614, 0.09993715961457895, 0.12990914841009718, 0.15897046779399723, 0.14490120372473314], "elim_risk_rank": [14.0, 14.0, 14.0, 13.0, 12.0, 11.0, 9.0, 3.0, 4.0]}}, {"season": 6, "castaway_id": "US0090", "castaway": "Alex", "won_season": 0, "episode": [1, 2, 3, 4, 5, 6, 7, 8, 9, 11], "prob_win": [0.05152819793138818, 0.0601010631073016, 0.08692436727764365, 0.08982657507607594, 0.09948721072262715, 0.10578205770607964, 0.12148306956122464, 0.1387902712409326, 0.17774367640932917, 0.14408265401678083],