{"model_info": {"features": ["age", "num_previous_seasons", "votes_against_last_3_eps", "times_in_danger", "final_n", "confessional_share_rolling_3", "elim_risk_rank"], "coefficients": [0.2447362540634531, 0.0, -0.30568752964654566, -1.0028229159951045, -0.007841422487185421, 0.9863372803718095, -0.7091259603871628], "intercept": -0.5677150861777613, "scaler_means": [34.3206106870229, 0.0, 0.6081424936386769, 0.49363867684478374, 11.335877862595419, 0.07526046502289888, 6.1679389312977095], "scaler_stds": [11.997837278968591, 1.0, 1.473820694743889, 0.9026876701001963, 3.5330731536081412, 0.0543488699507082, 3.300056299363363]}, "players": [{"season": 4, "castaway_id": "US0049", "castaway": "Peter", "won_season": 0, "episode": [1], "prob_win": [0.11302519125596347], "prob_eliminated": [0.06504609787531], "eliminated_this_episode": [1], "features": {"age": [44], "num_previous_seasons": [0], "votes_against_last_3_eps": [0], "times_in_danger": [0], "final_n": [16.0], "confessional_share_rolling_3": [0.0], "elim_risk_rank": [4.0]}}, {"season": 4, "castaway_id": "US0050", "castaway": "Patricia", "won_season": 0, "episode": [1, 2], "prob_win": [0.15416603805403709, 0.0809544226583562], "prob_eliminated": [0.06550309470818297, 0.07871040616102187], "eliminated_this_episode": [0, 1], "features": {"age": [49, 49], "num_previous_seasons": [0, 0], "votes_against_last_3_eps": [0, 1], "times_in_danger": [0, 1], "final_n": [16.0, 15.0], "confessional_share_rolling_3": [0.0, 0.058823529411764705], "elim_risk_rank": [2.0, 2.0]}}, {"season": 4, "castaway_id": "US0051", "castaway": "Hunter", "won_season": 0, "episode": [1, 2, 3], "prob_win": [0.015489412128401981, 0.021975435354216102, 0.0440335142955785], "prob_eliminated": [0.06017400023402451, 0.06217708063882063, 0.06421464259319348], "eliminated_this_episode": [0, 0, 1], "features": {"age": [33, 33, 33], "num_previous_seasons": [0, 0, 0], "votes_against_last_3_eps": [0, 0, 0], "times_in_danger": [0, 0, 0], "final_n": [16.0, 15.0, 14.0], "confessional_share_rolling_3": [0.0, 0.0392156862745098, 0.07395566922421143], "elim_risk_rank": [14.0, 13.0, 12.0]}}, {"season": 4, "castaway_id": "US0052", "castaway": "Sarah", "won_season": 0, "episode": [1, 2, 3, 4], "prob_win": [0.05121606773850097, 0.04526647426146947, 0.01019618770689967, 0.0018361562443265577], "prob_eliminated": [0.06324661238482505, 0.08824836256154447, 0.13965975272124165, 0.18592164287030488], "eliminated_this_episode": [0, 0, 0, 1], "features": {"age": [24, 24, 24, 24], "num_previous_seasons": [0, 0, 0, 0], "votes_against_last_3_eps": [0, 2, 5, 7], "times_in_danger": [0, 1, 2, 3], "final_n": [16.0, 15.0, 14.0, 13.0], "confessional_share_rolling_3": [0.0, 0.0392156862745098, 0.04134697357203751, 0.027564649048025008], "elim_risk_rank": [7.0, 1.0, 1.0, 1.0]}}, {"season": 4, "castaway_id": "US0053", "castaway": "Gabriel", "won_season": 0, "episode": [1, 2, 3, 4, 5], "prob_win": [0.041882915600304084, 0.05317214975318337, 0.07143815888879224, 0.08341497377224574, 0.08335323339483534], "prob_eliminated": [0.06315782541721314, 0.06526023180553266, 0.06739882956686732, 0.06891868333757477, 0.08346896073061358], "eliminated_this_episode": [0, 0, 0, 0, 1], "features": {"age": [23, 23, 23, 23, 23], "num_previous_seasons": [0, 0, 0, 0, 0], "votes_against_last_3_eps": [0, 0, 0, 0, 0], "times_in_danger": [0, 0, 0, 0, 0], "final_n": [16.0, 15.0, 14.0, 13.0, 12.0], "confessional_share_rolling_3": [0.0, 0.0392156862745098, 0.052216538789428814, 0.06511405616264952, 0.06058916928482146], "elim_risk_rank": [8.0, 7.0, 6.0, 6.0, 5.0]}}, {"season": 4, "castaway_id": "US0054", "castaway": "Gina", "won_season": 0, "episode": [1, 2, 3, 4, 5, 6], "prob_win": [0.06528767625426778, 0.13196945763984536, 0.1279729852103837, 0.12076962267713542, 0.15210935328693376, 0.16692782566405737], "prob_eliminated": [0.06360288529760871, 0.06572010690050455, 0.06787377490939106, 0.0694043387691958, 0.08405714889944477, 0.09043431720722958], "eliminated_this_episode": [0, 0, 0, 0, 0, 1], "features": {"age": [28, 28, 28, 28, 28, 28], "num_previous_seasons": [0, 0, 0, 0, 0, 0], "votes_against_last_3_eps": [0, 0, 0, 0, 0, 0], "times_in_danger": [0, 0, 0, 0, 0, 0], "final_n": [16.0, 15.0, 14.0, 13.0, 12.0, 11.0], "confessional_share_rolling_3": [0.0, 0.11764705882352941, 0.10230179028132992, 0.09092846624815935, 0.14572987399074355, 0.1817850171508708], "elim_risk_rank": [6.0, 6.0, 5.0, 5.0, 4.0, 5.0]}}, {"season": 4, "castaway_id": "US0055", "castaway": "Boston Rob", "won_season": 0, "episode": [1, 2, 3, 4, 5, 6, 7], "prob_win": [0.00875020915616984, 0.03303503337709954, 0.035951236462645794, 0.038570501322268996, 0.038403041308250535, 0.06183111158807249, 0.10804763841468586], "prob_eliminated": [0.059497985653660226, 0.061478562792028686, 0.06349323410286456, 0.06492501610688155, 0.0786321409147578, 0.09853218014760398, 0.10631374904512848], "eliminated_this_episode": [0, 0, 0, 0, 0, 0, 1], "features": {"age": [25, 25, 25, 25, 25, 25, 25], "num_previous_seasons": [0, 0, 0, 0, 0, 0, 0], "votes_against_last_3_eps": [0, 0, 0, 0, 0, 1, 1], "times_in_danger": [0, 0, 0, 0, 0, 1, 1], "final_n": [16.0, 15.0, 14.0, 13.0, 12.0, 11.0, 10.0], "confessional_share_rolling_3": [0.0, 0.09803921568627451, 0.09249786871270246, 0.08439251853574103, 0.07735380561467518, 0.06462846096992439, 0.10330469701458149], "elim_risk_rank": [16.0, 15.0, 14.0, 13.0, 12.0, 2.0, 2.0]}}, {"season": 4, "castaway_id": "US0056", "castaway": "John", "won_season": 0, "episode": [1, 2, 3, 4, 5, 6, 7, 8], "prob_win": [0.027104476833460185, 0.07807488298591667, 0.10135120254935878, 0.10270180369091451, 0.07846977083015283, 0.09968912966091721, 0.14046383061237613, 0.14284406464987037], "prob_eliminated": [0.06042929473783579, 0.062440873421224785, 0.06448707994577917, 0.06594127332342924, 0.07986295278742128, 0.08592191978963687, 0.09270759465899468, 0.12910426890644497], "eliminated_this_episode": [0, 0, 0, 0, 0, 0, 0, 1], "features": {"age": [36, 36, 36, 36, 36, 36, 36, 36], "num_previous_seasons": [0, 0, 0, 0, 0, 0, 0, 0], "votes_against_last_3_eps": [0, 0, 0, 0, 0, 0, 0, 2], "times_in_danger": [0, 0, 0, 0, 0, 0, 0, 1], "final_n": [16.0, 15.0, 14.0, 13.0, 12.0, 11.0, 10.0, 9.0], "confessional_share_rolling_3": [0.0, 0.09803921568627451, 0.11423699914748509, 0.11403678731044459, 0.08135704874835309, 0.10291943828529193, 0.11767222935387246, 0.11767222935387246], "elim_risk_rank": [11.5, 10.5, 9.5, 9.5, 8.5, 8.5, 7.5, 2.0]}}, {"season": 4, "castaway_id": "US0057", "castaway": "Zoe", "won_season": 0, "episode": [1, 2, 3, 4, 5, 6, 7, 8, 10], "prob_win": [0.019724128587068235, 0.020099247735684667, 0.020588282591678116, 0.02242151747224001, 0.02267674304508076, 0.023583493252454395, 0.02925590746443847, 0.033189853572734296, 0.03468011532275431], "prob_eliminated": [0.06034408778674889, 0.062352830089418464, 0.06439615140705444, 0.06584829433244395, 0.07975034384930055, 0.08580076754305566, 0.09257687442607185, 0.11100195677533857, 0.11474496443617214], "eliminated_this_episode": [0, 0, 0, 0, 0, 0, 0, 0, 1], "features": {"age": [35, 35, 35, 35, 35, 35, 35, 35, 35], "num_previous_seasons": [0, 0, 0, 0, 0, 0, 0, 0, 0], "votes_against_last_3_eps": [0, 0, 0, 0, 0, 0, 0, 1, 1], "times_in_danger": [0, 0, 0, 0, 0, 0, 0, 1, 1], "final_n": [16.0, 15.0, 14.0, 13.0, 12.0, 11.0, 10.0, 9.0, 8.0], "confessional_share_rolling_3": [0.0, 0.0196078431372549, 0.00980392156862745, 0.014111705288175876, 0.007575757575757576, 0.007575757575757576, 0.0, 0.0, 0.009009009009009009], "elim_risk_rank": [13.0, 12.0, 11.0, 11.0, 10.0, 10.0, 9.0, 3.0, 4.0]}}, {"season": 4, "castaway_id": "US0058", "castaway": "Tammy", "won_season": 0, "episode": [1, 2, 3, 4, 5, 6, 7, 8, 10, 11], "prob_win": [0.0783678991886899, 0.09362687432142601, 0.09631463110159658, 0.10932144203018648, 0.11536554293016284, 0.10517818818137575, 0.11802650185831474, 0.10988441893093717, 0.15025995945696954, 0.1932072087158578],