{"model_info": {"features": ["age", "num_previous_seasons", "votes_against_last_3_eps", "times_in_danger", "final_n", "confessional_share_rolling_3", "elim_risk_rank"], "coefficients": [-0.30789831821653313, 0.13945895094308514, 0.025562121852883448, -0.42206672433054115, -0.418855332864251, 0.3669938727521523, 0.0865303124970505], "intercept": -0.2032974132169411, "scaler_means": [33.2216898259064, 0.2509183836447852, 0.560134163871586, 0.46510142149816325, 13.141031784060054, 0.0631029521399776, 7.064686152371825], "scaler_stds": [9.994330724235715, 0.5655847906843401, 1.3621277575907103, 0.8418862785940072, 4.122204278013762, 0.05389424201339686, 4.42840979426113]}, "players": [{"season": 42, "castaway_id": "US0609", "castaway": "Chanelle", "won_season": 0, "episode": [1, 2, 3, 4, 5, 7, 8], "prob_win": [0.059969957188037326, 0.06117990503723169, 0.06684402872157556, 0.08286655940225418, 0.0911192752233491, 0.06187914147197, 0.08126918935379755], "prob_eliminated": [0.059368276562098504, 0.07113633283365803, 0.07826359630720771, 0.08334611727297392, 0.09051072330269215, 0.14026405269203285, 0.13789602640874055], "eliminated_this_episode": [0, 0, 0, 0, 0, 0, 1], "features": {"age": [28, 28, 28, 28, 28, 28, 28], "num_previous_seasons": [0, 0, 0, 0, 0, 0, 0], "votes_against_last_3_eps": [0, 0, 0, 0, 0, 2, 2], "times_in_danger": [0, 0, 0, 0, 0, 1, 1], "final_n": [18.0, 16.0, 15.0, 14.0, 13.0, 12.0, 11.0], "confessional_share_rolling_3": [0.0, 0.03225806451612903, 0.04643206256109482, 0.09505727247662732, 0.09579883717814754, 0.0387715301508405, 0.06573881573881574], "elim_risk_rank": [9.0, 7.0, 6.0, 5.0, 6.0, 1.0, 2.0]}}, {"season": 42, "castaway_id": "US0610", "castaway": "Daniel", "won_season": 0, "episode": [1, 2, 3, 4, 5], "prob_win": [0.0566966708708831, 0.06222603850054924, 0.06587890665234818, 0.08120894837133638, 0.09100962702426194], "prob_eliminated": [0.05966770958980763, 0.0714951198619159, 0.07865833078425051, 0.08376648622568796, 0.09096722804711269], "eliminated_this_episode": [0, 0, 0, 0, 1], "features": {"age": [30, 30, 30, 30, 30], "num_previous_seasons": [0, 0, 0, 0, 0], "votes_against_last_3_eps": [0, 0, 0, 0, 0], "times_in_danger": [0, 0, 0, 0, 0], "final_n": [18.0, 16.0, 15.0, 14.0, 13.0], "confessional_share_rolling_3": [0.0, 0.04838709677419355, 0.05449657869012708, 0.10043361656264882, 0.10729309005171074], "elim_risk_rank": [8.0, 6.0, 5.0, 4.0, 5.0]}}, {"season": 42, "castaway_id": "US0611", "castaway": "Drea", "won_season": 0, "episode": [1, 2, 3, 4, 5, 7, 8, 9, 10, 11], "prob_win": [0.05960256526098998, 0.06897179690391078, 0.06603945463444214, 0.06565511499302552, 0.07573200317960456, 0.09846009767304688, 0.10518071357396333, 0.13446911988620303, 0.15867494360463238, 0.1845891103855577], "prob_eliminated": [0.023722254884201932, 0.028424510811634204, 0.03127240821639646, 0.03330327157956133, 0.02236845641610121, 0.02486857573470042, 0.015045700207462598, 0.01445185820906876, 0.03552702578788047, 0.03843575838637481], "eliminated_this_episode": [0, 0, 0, 0, 0, 0, 0, 0, 0, 1], "features": {"age": [34, 34, 34, 34, 34, 34, 34, 34, 34, 34], "num_previous_seasons": [0, 0, 0, 0, 0, 0, 0, 0, 0, 0], "votes_against_last_3_eps": [0, 0, 0, 0, 0, 0, 0, 0, 0, 0], "times_in_danger": [0, 0, 0, 0, 0, 0, 0, 0, 0, 0], "final_n": [18.0, 16.0, 15.0, 14.0, 13.0, 12.0, 11.0, 10.0, 8.0, 7.0], "confessional_share_rolling_3": [0.0, 0.06451612903225806, 0.04740957966764418, 0.03160638644509612, 0.04458376872169976, 0.09854682268475372, 0.0768845768845769, 0.1350856350856351, 0.12139194139194139, 0.13155993431855503], "elim_risk_rank": [18.0, 16.0, 14.0, 13.0, 13.0, 12.0, 11.0, 10.0, 8.0, 7.0]}}, {"season": 42, "castaway_id": "US0612", "castaway": "Hai", "won_season": 0, "episode": [1, 2, 3, 4, 5, 7, 8, 9, 10], "prob_win": [0.06522399600314817, 0.0691638423932702, 0.07280614378399801, 0.07841345825167746, 0.08965247650611818, 0.1077975505972247, 0.12942919584759524, 0.11753332767748229, 0.14893771435830933], "prob_eliminated": [0.037436249269961884, 0.04485691083395774, 0.04935119679709181, 0.05255611586856275, 0.05707394917586877, 0.06345309668023688, 0.06238184144547619, 0.07128868079732548, 0.10784794132841377], "eliminated_this_episode": [0, 0, 0, 0, 0, 0, 0, 0, 1], "features": {"age": [29, 29, 29, 29, 29, 29, 29, 29, 29], "num_previous_seasons": [0, 0, 0, 0, 0, 0, 0, 0, 0], "votes_against_last_3_eps": [0, 0, 0, 0, 0, 0, 0, 1, 1], "times_in_danger": [0, 0, 0, 0, 0, 0, 0, 1, 1], "final_n": [18.0, 16.0, 15.0, 14.0, 13.0, 12.0, 11.0, 10.0, 8.0], "confessional_share_rolling_3": [0.0, 0.04838709677419355, 0.05449657869012708, 0.06197207810111036, 0.0803258044637355, 0.11706534120327224, 0.14668514668514668, 0.13874863874863877, 0.15172161172161172], "elim_risk_rank": [17.0, 14.0, 13.0, 12.0, 11.0, 10.0, 9.0, 6.0, 4.0]}}, {"season": 42, "castaway_id": "US0613", "castaway": "Jackson", "won_season": 0, "episode": [1], "prob_win": [0.035082408094154666], "prob_eliminated": [0.062073796177300196], "eliminated_this_episode": [1], "features": {"age": [47], "num_previous_seasons": [0], "votes_against_last_3_eps": [0], "times_in_danger": [0], "final_n": [18.0], "confessional_share_rolling_3": [0.0], "elim_risk_rank": [2.5]}}, {"season": 42, "castaway_id": "US0614", "castaway": "Jenny", "won_season": 0, "episode": [1, 2, 3], "prob_win": [0.04026738463916002, 0.04995190472863392, 0.04814033751271017], "prob_eliminated": [0.061454477855758576, 0.07363606363565599, 0.08101377915430122], "eliminated_this_episode": [0, 0, 1], "features": {"age": [43, 43, 43], "num_previous_seasons": [0, 0, 0], "votes_against_last_3_eps": [0, 0, 0], "times_in_danger": [0, 0, 0], "final_n": [18.0, 16.0, 15.0], "confessional_share_rolling_3": [0.0, 0.06451612903225806, 0.04740957966764418], "elim_risk_rank": [5.0, 3.0, 2.0]}}, {"season": 42, "castaway_id": "US0615", "castaway": "Jonathan", "won_season": 0, "episode": [1, 2, 3, 4, 5, 7, 8, 9, 10, 11, 12, 13], "prob_win": [0.06077305437637805, 0.06189213479800573, 0.0752253043212447, 0.07240785289865, 0.08031950892012882, 0.08902057543439683, 0.08389378226085377, 0.08980354501987416, 0.1224357669444701, 0.10560213850077835, 0.14747338297890733, 0.15762269469292398], "prob_eliminated": [0.059181582532068164, 0.0709126320724543, 0.0780174826073435, 0.0830840206883645, 0.09022609634915973, 0.10031065481524835, 0.13747791787795396, 0.1320517721777243, 0.19977241293923015, 0.21612853949104632, 0.3458334464722369, 0.3406489665267413], "eliminated_this_episode": [0, 0, 0, 0, 0, 0, 0, 0, 0, 0, 0, 1], "features": {"age": [28, 28, 28, 28, 28, 28, 28, 28, 28, 28, 28, 28], "num_previous_seasons": [0, 0, 0, 0, 0, 0, 0, 0, 0, 0, 0, 0], "votes_against_last_3_eps": [0, 0, 0, 0, 0, 0, 2, 2, 2, 2, 2, 4], "times_in_danger": [0, 0, 0, 0, 0, 0, 1, 1, 1, 2, 2, 3], "final_n": [18.0, 16.0, 15.0, 14.0, 13.0, 12.0, 11.0, 10.0, 8.0, 7.0, 6.0, 5.0], "confessional_share_rolling_3": [0.0, 0.03225806451612903, 0.07673509286412512, 0.051156728576083416, 0.051898293277603626, 0.057290048669359016, 0.07143682143682144, 0.05556380556380556, 0.07754578754578755, 0.06339901477832512, 0.10357758620689655, 0.10524425287356322], "elim_risk_rank": [10.0, 8.0, 7.0, 6.0, 7.0, 5.0, 3.0, 3.0, 2.0, 2.0, 1.0, 1.0]}}, {"season": 42, "castaway_id": "US0616", "castaway": "Lindsay", "won_season": 0, "episode": [1, 2, 3, 4, 5, 7, 8, 9, 10, 11, 12, 13], "prob_win": [0.06308972614224943, 0.06321392369910792, 0.06889816405699496, 0.07515151442736423, 0.08164819798429487, 0.08189987774254233, 0.07153506527799412, 0.07977046952998867, 0.11467254739979034, 0.15175731512030458, 0.2048605566713115, 0.28004264212985547], "prob_eliminated": [0.03753373433930605, 0.04497371951934926, 0.049479708732336404, 0.05269297350520686, 0.05722257138032714, 0.0636183303681891, 0.07440922797020968, 0.07147235404427202, 0.10812580846438458, 0.17743104959374625, 0.1657935473509003, 0.3172139215321593], "eliminated_this_episode": [0, 0, 0, 0, 0, 0, 0, 0, 0, 0, 0, 1],