{"model_info": {"features": ["age", "num_previous_seasons", "votes_against_last_3_eps", "times_in_danger", "final_n", "confessional_share_rolling_3", "elim_risk_rank"], "coefficients": [-0.12023016610726368, 0.0843589529795996, -0.04395944340848248, -0.13730320728959033, -0.36402310113991965, 0.2403327794355086, -0.025643048316243748], "intercept": -0.11153513666159212, "scaler_means": [32.90298812934916, 0.11420384772820302, 0.452312730249693, 0.4375767498976668, 12.34588620548506, 0.06873885841009808, 6.669259107654523], "scaler_stds": [9.979594575665915, 0.3180586878113479, 1.0964898471417845, 0.7896253339233453, 4.058149079146, 0.05426183017371891, 4.152129653888903]}, "players": [{"season": 18, "castaway_id": "US0266", "castaway": "Carolina", "won_season": 0, "episode": [1], "prob_win": [0.06380593089383896], "prob_eliminated": [0.056890982240896726], "eliminated_this_episode": [1], "features": {"age": [26], "num_previous_seasons": [0], "votes_against_last_3_eps": [0], "times_in_danger": [0], "final_n": [16.0], "confessional_share_rolling_3": [0.0], "elim_risk_rank": [14.5]}}, {"season": 18, "castaway_id": "US0267", "castaway": "Candace", "won_season": 0, "episode": [1, 2], "prob_win": [0.06245500347579317, 0.05719331350736274], "prob_eliminated": [0.058638892927156766, 0.06106971561793898], "eliminated_this_episode": [0, 1], "features": {"age": [31, 31], "num_previous_seasons": [0, 0], "votes_against_last_3_eps": [0, 0], "times_in_danger": [0, 0], "final_n": [16.0, 15.0], "confessional_share_rolling_3": [0.0, 0.0], "elim_risk_rank": [10.0, 10.0]}}, {"season": 18, "castaway_id": "US0268", "castaway": "Jerry", "won_season": 0, "episode": [1, 2, 3], "prob_win": [0.05499978351330227, 0.05516175729114723, 0.05680066719976004], "prob_eliminated": [0.06534456332220903, 0.06805336356235338, 0.07365811873146706], "eliminated_this_episode": [0, 0, 1], "features": {"age": [49, 49, 49], "num_previous_seasons": [0, 0, 0], "votes_against_last_3_eps": [0, 0, 0], "times_in_danger": [0, 0, 0], "final_n": [16.0, 15.0, 14.0], "confessional_share_rolling_3": [0.0, 0.029411764705882353, 0.014705882352941176], "elim_risk_rank": [5.0, 5.0, 6.0]}}, {"season": 18, "castaway_id": "US0269", "castaway": "Sandy", "won_season": 0, "episode": [1, 2, 3, 4], "prob_win": [0.05409553300801658, 0.05135271061720668, 0.05497973795231823, 0.05604780893151386], "prob_eliminated": [0.07466053899097008, 0.09555076878609182, 0.1034201618216903, 0.10966225880163233], "eliminated_this_episode": [0, 0, 0, 1], "features": {"age": [53, 53, 53, 53], "num_previous_seasons": [0, 0, 0, 0], "votes_against_last_3_eps": [0, 1, 1, 1], "times_in_danger": [0, 1, 1, 1], "final_n": [16.0, 15.0, 14.0, 13.0], "confessional_share_rolling_3": [0.0, 0.058823529411764705, 0.05572755417956656, 0.03715170278637771], "elim_risk_rank": [1.0, 1.0, 1.0, 1.0]}}, {"season": 18, "castaway_id": "US0270", "castaway": "Spencer", "won_season": 0, "episode": [1, 2, 3, 4, 5], "prob_win": [0.06884380994823566, 0.0937306546920999, 0.0926590022472016, 0.08942124034398097, 0.08900321608844604], "prob_eliminated": [0.06095481868462762, 0.06348164599965164, 0.06870988256189582, 0.07285698253618565, 0.08578251014576872], "eliminated_this_episode": [0, 0, 0, 0, 1], "features": {"age": [19, 19, 19, 19, 19], "num_previous_seasons": [0, 0, 0, 0, 0], "votes_against_last_3_eps": [0, 0, 0, 0, 0], "times_in_danger": [0, 0, 0, 0, 0], "final_n": [16.0, 15.0, 14.0, 13.0, 12.0], "confessional_share_rolling_3": [0.0, 0.17647058823529413, 0.1408668730650155, 0.09391124871001033, 0.05977907732293697], "elim_risk_rank": [9.0, 9.0, 9.0, 8.0, 7.0]}}, {"season": 18, "castaway_id": "US0271", "castaway": "Sydney", "won_season": 0, "episode": [1, 2, 3, 4, 5, 7], "prob_win": [0.06678421143513465, 0.06601877955281296, 0.07021389411204326, 0.07345358431807304, 0.07387553269545934, 0.07957431960079553], "prob_eliminated": [0.06281614029545374, 0.06542012702772766, 0.0708080134734399, 0.07508174965092047, 0.10907676686102316, 0.11326061589941966], "eliminated_this_episode": [0, 0, 0, 0, 0, 1], "features": {"age": [24, 24, 24, 24, 24, 24], "num_previous_seasons": [0, 0, 0, 0, 0, 0], "votes_against_last_3_eps": [0, 0, 0, 0, 1, 1], "times_in_danger": [0, 0, 0, 0, 1, 1], "final_n": [16.0, 15.0, 14.0, 13.0, 12.0, 11.0], "confessional_share_rolling_3": [0.0, 0.029411764705882353, 0.02786377708978328, 0.018575851393188854, 0.03346328784925276, 0.024691358024691357], "elim_risk_rank": [7.0, 7.0, 8.0, 7.0, 2.0, 3.0]}}, {"season": 18, "castaway_id": "US0272", "castaway": "Joe", "won_season": 0, "episode": [1, 2, 3, 4, 5, 7, 8], "prob_win": [0.06380593089383896, 0.06342268602980504, 0.06827105894419515, 0.0754839883798653, 0.0716584260089054, 0.08268720766164901, 0.09822664298211473], "prob_eliminated": [0.056890982240896726, 0.05924934686254554, 0.06412901872167705, 0.06799963299106287, 0.09898998871869392, 0.10278693999466341, 0.11111149660019677], "eliminated_this_episode": [0, 0, 0, 0, 0, 0, 1], "features": {"age": [26, 26, 26, 26, 26, 26, 26], "num_previous_seasons": [0, 0, 0, 0, 0, 0, 0], "votes_against_last_3_eps": [0, 0, 0, 0, 1, 1, 1], "times_in_danger": [0, 0, 0, 0, 1, 1, 1], "final_n": [16.0, 15.0, 14.0, 13.0, 12.0, 11.0, 10.0], "confessional_share_rolling_3": [0.0, 0.029411764705882353, 0.02786377708978328, 0.04079807361541107, 0.030994152046783626, 0.04888888888888889, 0.08222222222222222], "elim_risk_rank": [14.5, 14.0, 12.0, 11.0, 5.0, 5.0, 3.0]}}, {"season": 18, "castaway_id": "US0273", "castaway": "Brendan", "won_season": 0, "episode": [1, 2, 3, 4, 5, 7, 8, 9], "prob_win": [0.06269843502292466, 0.062290043506693066, 0.08230435418197253, 0.08623314646552474, 0.0951033847269078, 0.09827118468220866, 0.11020081139544584, 0.11983839694478385], "prob_eliminated": [0.05828542789249655, 0.06070159800742407, 0.032969856018186694, 0.03495980686582774, 0.04116201196875686, 0.042740860051166306, 0.04620237674661016, 0.04843485304740555], "eliminated_this_episode": [0, 0, 0, 0, 0, 0, 0, 1], "features": {"age": [30, 30, 30, 30, 30, 30, 30, 30], "num_previous_seasons": [0, 0, 0, 0, 0, 0, 0, 0], "votes_against_last_3_eps": [0, 0, 0, 0, 0, 0, 0, 0], "times_in_danger": [0, 0, 0, 0, 0, 0, 0, 0], "final_n": [16.0, 15.0, 14.0, 13.0, 12.0, 11.0, 10.0, 9.0], "confessional_share_rolling_3": [0.0, 0.029411764705882353, 0.11996904024767802, 0.11331269349845201, 0.1282001299545159, 0.09802469135802468, 0.11231040564373897, 0.11142857142857143], "elim_risk_rank": [11.0, 11.0, 14.0, 13.0, 11.0, 10.0, 9.0, 8.0]}}, {"season": 18, "castaway_id": "US0274", "castaway": "Tyson", "won_season": 0, "episode": [1, 2, 3, 4, 5, 7, 8, 9, 10], "prob_win": [0.06281400790829354, 0.06742240210405873, 0.07212708863289397, 0.07978956352744138, 0.08891748098168789, 0.09655750462444243, 0.09878457110376508, 0.10996527271878576, 0.1335239185662067], "prob_eliminated": [0.057933912885444784, 0.060335511261162406, 0.06530463770723843, 0.0692462084283458, 0.08153115007350643, 0.08465843403736852, 0.09151479075269126, 0.16409757862163177, 0.23108865609741222], "eliminated_this_episode": [0, 0, 0, 0, 0, 0, 0, 0, 1], "features": {"age": [29, 29, 29, 29, 29, 29, 29, 29, 29], "num_previous_seasons": [0, 0, 0, 0, 0, 0, 0, 0, 0], "votes_against_last_3_eps": [0, 0, 0, 0, 0, 0, 0, 0, 0], "times_in_danger": [0, 0, 0, 0, 0, 0, 0, 0, 0], "final_n": [16.0, 15.0, 14.0, 13.0, 12.0, 11.0, 10.0, 9.0, 8.0], "confessional_share_rolling_3": [0.0, 0.058823529411764705, 0.05572755417956656, 0.07048503611971103, 0.08791423001949317, 0.08370370370370371, 0.05037037037037037, 0.053015873015873016, 0.0767195767195767], "elim_risk_rank": [12.5, 12.5, 10.5, 9.5, 8.0, 8.0, 7.0, 2.0, 1.0]}}, {"season": 18, "castaway_id": "US0275", "castaway": "Sierra", "won_season": 0, "episode": [1, 2, 3, 4, 5, 7, 8, 9, 10, 11], "prob_win": [0.06703531825353576, 0.08175260113749637, 0.08088029227120269, 0.08196364945830531, 0.0824728164604724, 0.08531815738575071, 0.09254459462851082, 0.09874495916599, 0.10038364656804935, 0.1097465999948727],