{"model_info": {"features": ["age", "num_previous_seasons", "votes_against_last_3_eps", "times_in_danger", "final_n", "confessional_share_rolling_3", "elim_risk_rank"], "coefficients": [-0.2912595091823889, 0.0015933394364392186, 0.039050933905534276, -0.29280855389806115, -0.4611969906783079, 0.12054115592822924, -0.06170901739181043], "intercept": -0.13476632048274062, "scaler_means": [32.94363929146538, 0.1748792270531401, 0.456682769726248, 0.42866344605475043, 12.652173913043478, 0.06722775393648853, 6.823188405797102], "scaler_stds": [9.967760217841747, 0.44614670857793615, 1.1359197302910404, 0.7782156710660577, 4.150872396366054, 0.055476584149364724, 4.279258684682334]}, "players": [{"season": 22, "castaway_id": "US0055", "castaway": "Boston Rob", "won_season": 1, "episode": [1, 2, 3, 4, 5, 6, 8, 9, 10, 11, 12, 14], "prob_win": [0.05158045511422419, 0.055100932476421234, 0.07469803826813659, 0.08172156787622856, 0.09088560982521456, 0.09251146222080854, 0.1096112162661581, 0.11230858419084948, 0.13835660987621676, 0.1516711517850318, 0.1594637145143458, 0.2902730890440535], "prob_eliminated": [0.048009295757770576, 0.050709056756984755, 0.04650126884037995, 0.017802967817387775, 0.020258110982682122, 0.021948280079209955, 0.029026361789107804, 0.023601200736150563, 0.045293664571574375, 0.07772010486560073, 0.1641948785421592, 0.34658646930891585], "eliminated_this_episode": [0, 0, 0, 0, 0, 0, 0, 0, 0, 0, 0, 0], "features": {"age": [34, 34, 34, 34, 34, 34, 34, 34, 34, 34, 34, 34], "num_previous_seasons": [3, 3, 3, 3, 3, 3, 3, 3, 3, 3, 3, 3], "votes_against_last_3_eps": [0, 0, 0, 0, 0, 0, 0, 0, 4, 4, 6, 2], "times_in_danger": [0, 0, 0, 0, 0, 0, 0, 0, 1, 1, 2, 2], "final_n": [18.0, 17.0, 16.0, 15.0, 14.0, 13.0, 12.0, 11.0, 9.0, 8.0, 7.0, 5.0], "confessional_share_rolling_3": [0.0, 0.02702702702702703, 0.18998410174880764, 0.2019248850368395, 0.26983895295090743, 0.2026969446324285, 0.17471713800968527, 0.17797552836484984, 0.261659492834228, 0.21516001530026774, 0.21695212999560823, 0.2911877394636015], "elim_risk_rank": [17.0, 15.0, 15.0, 15.0, 14.0, 13.0, 11.0, 11.0, 9.0, 6.0, 4.0, 1.0]}}, {"season": 22, "castaway_id": "US0300", "castaway": "Russell", "won_season": 0, "episode": [1, 2, 3], "prob_win": [0.04881224773333963, 0.05660638228054463, 0.06480768595734285], "prob_eliminated": [0.05186010322705176, 0.0547764110357318, 0.05023111804052374], "eliminated_this_episode": [0, 0, 1], "features": {"age": [37, 37, 37], "num_previous_seasons": [2, 2, 2], "votes_against_last_3_eps": [0, 0, 0], "times_in_danger": [0, 0, 0], "final_n": [18.0, 17.0, 16.0], "confessional_share_rolling_3": [0.0, 0.08108108108108109, 0.11406995230524643], "elim_risk_rank": [16.0, 14.0, 14.0]}}, {"season": 22, "castaway_id": "US0322", "castaway": "Francesca", "won_season": 0, "episode": [1], "prob_win": [0.055468399776667426], "prob_eliminated": [0.061278227137971694], "eliminated_this_episode": [1], "features": {"age": [36], "num_previous_seasons": [0], "votes_against_last_3_eps": [0], "times_in_danger": [0], "final_n": [18.0], "confessional_share_rolling_3": [0.0], "elim_risk_rank": [5.0]}}, {"season": 22, "castaway_id": "US0323", "castaway": "Matt", "won_season": 0, "episode": [1, 2], "prob_win": [0.06785781969303153, 0.07354073351070388], "prob_eliminated": [0.05470501370138781, 0.05778130257672671], "eliminated_this_episode": [0, 0], "features": {"age": [22, 22], "num_previous_seasons": [0, 0], "votes_against_last_3_eps": [0, 0], "times_in_danger": [0, 0], "final_n": [18.0, 17.0], "confessional_share_rolling_3": [0.0, 0.05405405405405406], "elim_risk_rank": [12.0, 10.0]}}, {"season": 22, "castaway_id": "US0324", "castaway": "Kristina", "won_season": 0, "episode": [1, 2, 3, 4], "prob_win": [0.03895817901242106, 0.04672357567095326, 0.04261422345919374, 0.04366265916313451], "prob_eliminated": [0.023682815544540443, 0.04437425666517234, 0.14095606214594178, 0.14304544938273603], "eliminated_this_episode": [0, 0, 0, 1], "features": {"age": [46, 46, 46, 46], "num_previous_seasons": [0, 0, 0, 0], "votes_against_last_3_eps": [0, 3, 5, 5], "times_in_danger": [0, 1, 2, 2], "final_n": [18.0, 17.0, 16.0, 15.0], "confessional_share_rolling_3": [0.0, 0.21621621621621623, 0.13751987281399047, 0.09167991520932699], "elim_risk_rank": [18.0, 16.0, 1.0, 1.0]}}, {"season": 22, "castaway_id": "US0325", "castaway": "Krista", "won_season": 0, "episode": [1, 2, 3, 4, 5], "prob_win": [0.06540536811482243, 0.0664145733538256, 0.07162757578738034, 0.07745497188567209, 0.08134514258664989], "prob_eliminated": [0.056057177747372094, 0.05920950439202772, 0.05429635764739583, 0.05510119083403399, 0.06269999758712107], "eliminated_this_episode": [0, 0, 0, 0, 1], "features": {"age": [25, 25, 25, 25, 25], "num_previous_seasons": [0, 0, 0, 0, 0], "votes_against_last_3_eps": [0, 0, 0, 0, 0], "times_in_danger": [0, 0, 0, 0, 0], "final_n": [18.0, 17.0, 16.0, 15.0, 14.0], "confessional_share_rolling_3": [0.0, 0.0, 0.0, 0.0, 0.008547008547008546], "elim_risk_rank": [10.0, 8.0, 9.0, 9.0, 8.0]}}, {"season": 22, "castaway_id": "US0326", "castaway": "Stephanie", "won_season": 0, "episode": [1, 2, 3, 4, 5, 6], "prob_win": [0.06479415235122635, 0.07293155901007087, 0.07466783287313385, 0.07279306068211489, 0.07432141794570615, 0.08423649854061697], "prob_eliminated": [0.056514604146304444, 0.05969265376673708, 0.05473941575969895, 0.09480144273419853, 0.10787516822628128, 0.11687537934046986], "eliminated_this_episode": [0, 0, 0, 0, 0, 1], "features": {"age": [26, 26, 26, 26, 26, 26], "num_previous_seasons": [0, 0, 0, 0, 0, 0], "votes_against_last_3_eps": [0, 0, 0, 3, 3, 3], "times_in_danger": [0, 0, 0, 1, 1, 1], "final_n": [18.0, 17.0, 16.0, 15.0, 14.0, 13.0], "confessional_share_rolling_3": [0.0, 0.08108108108108109, 0.04054054054054054, 0.04853240337111305, 0.030052384891094564, 0.07045642529513498], "elim_risk_rank": [9.0, 7.0, 8.0, 3.0, 2.0, 3.0]}}, {"season": 22, "castaway_id": "US0327", "castaway": "Sarita", "won_season": 0, "episode": [1, 2, 3, 4, 5, 6], "prob_win": [0.05382987822861596, 0.055171052908848967, 0.059897600829682346, 0.06469544419963805, 0.06868427448617273, 0.07708540064332264], "prob_eliminated": [0.05709227300348776, 0.06030280732977721, 0.05529893937704442, 0.05611863380085025, 0.06385775244865502, 0.06918551473876719], "eliminated_this_episode": [0, 0, 0, 0, 0, 0], "features": {"age": [36, 36, 36, 36, 36, 36], "num_previous_seasons": [0, 0, 0, 0, 0, 0], "votes_against_last_3_eps": [0, 0, 0, 0, 0, 0], "times_in_danger": [0, 0, 0, 0, 0, 0], "final_n": [18.0, 17.0, 16.0, 15.0, 14.0, 13.0], "confessional_share_rolling_3": [0.0, 0.0, 0.0, 0.0, 0.008547008547008546, 0.028749028749028748], "elim_risk_rank": [8.0, 6.0, 7.0, 8.0, 7.0, 7.0]}}, {"season": 22, "castaway_id": "US0328", "castaway": "Mike", "won_season": 0, "episode": [1, 2, 3, 4, 5, 6, 8, 9], "prob_win": [0.06061758547796235, 0.06875863191915485, 0.07172672958222188, 0.07623803958736704, 0.07847701095543076, 0.08635959631122449, 0.10601878543559799, 0.10991789390719345], "prob_eliminated": [0.05885289455494989, 0.062162435903191836, 0.05700425779087381, 0.05784923009541978, 0.06582700904458993, 0.07131906980480271, 0.09431869445559551, 0.07669009492789704], "eliminated_this_episode": [0, 0, 0, 0, 0, 0, 0, 1], "features": {"age": [31, 31, 31, 31, 31, 31, 31, 31], "num_previous_seasons": [0, 0, 0, 0, 0, 0, 0, 0], "votes_against_last_3_eps": [0, 0, 0, 0, 0, 0, 0, 0], "times_in_danger": [0, 0, 0, 0, 0, 0, 0, 0], "final_n": [18.0, 17.0, 16.0, 15.0, 14.0, 13.0, 12.0, 11.0], "confessional_share_rolling_3": [0.0, 0.08108108108108109, 0.05524642289348172, 0.047583636767697494, 0.037650626834687555, 0.048048725468080304, 0.06543746699475288, 0.09899888765294773], "elim_risk_rank": [6.0, 4.0, 5.0, 6.0, 5.0, 5.0, 5.0, 8.0]}}, {"season": 22, "castaway_id": "US0329", "castaway": "David", "won_season": 0, "episode": [1, 2, 3, 4, 5, 6, 8, 9],