{"model_info": {"features": ["age", "num_previous_seasons", "votes_against_last_3_eps", "times_in_danger", "final_n", "confessional_share_rolling_3", "elim_risk_rank"], "coefficients": [-0.4813254948826463, 0.013885716431868502, -0.11763626417870122, -0.3393474536898419, -0.5419451779550698, 0.08316812739255453, -0.12776969604758867], "intercept": -0.1900197707571369, "scaler_means": [34.134508348794064, 0.15306122448979592, 0.4907235621521336, 0.45083487940630795, 11.575139146567718, 0.07354626862691956, 6.287569573283859], "scaler_stds": [10.889625719942408, 0.3600465053954561, 1.194998558317076, 0.8097814867130083, 3.6059903944143485, 0.056095124743222584, 3.738973080405158]}, "players": [{"season": 9, "castaway_id": "US0113", "castaway": "Brook", "won_season": 0, "episode": [1], "prob_win": [0.05506685471725981], "prob_eliminated": [0.047358287968092654], "eliminated_this_episode": [1], "features": {"age": [27], "num_previous_seasons": [0], "votes_against_last_3_eps": [0], "times_in_danger": [0], "final_n": [18.0], "confessional_share_rolling_3": [0.0], "elim_risk_rank": [17.0]}}, {"season": 9, "castaway_id": "US0114", "castaway": "Dolly", "won_season": 0, "episode": [1, 2], "prob_win": [0.07453763737719558, 0.0769617974317135], "prob_eliminated": [0.06189429383957571, 0.06243293097678188], "eliminated_this_episode": [0, 1], "features": {"age": [25, 25], "num_previous_seasons": [0, 0], "votes_against_last_3_eps": [0, 0], "times_in_danger": [0, 0], "final_n": [18.0, 17.0], "confessional_share_rolling_3": [0.0, 0.02], "elim_risk_rank": [7.0, 8.0]}}, {"season": 9, "castaway_id": "US0115", "castaway": "John P.", "won_season": 0, "episode": [1, 2, 3], "prob_win": [0.05006277184038287, 0.05630601839815754, 0.06374853464363674], "prob_eliminated": [0.04779350141307207, 0.04820942593827823, 0.048579122972853044], "eliminated_this_episode": [0, 0, 1], "features": {"age": [31, 31, 31], "num_previous_seasons": [0, 0, 0], "votes_against_last_3_eps": [0, 0, 0], "times_in_danger": [0, 0, 0], "final_n": [18.0, 17.0, 16.0], "confessional_share_rolling_3": [0.0, 0.06, 0.05380952380952381], "elim_risk_rank": [15.5, 15.5, 14.5]}}, {"season": 9, "castaway_id": "US0116", "castaway": "Mia", "won_season": 0, "episode": [1, 2, 3], "prob_win": [0.06770877722513595, 0.07300117675198937, 0.07977164497361704], "prob_eliminated": [0.06244925164901215, 0.06299271832489146, 0.06347578197294929], "eliminated_this_episode": [0, 0, 1], "features": {"age": [29, 29, 29], "num_previous_seasons": [0, 0, 0], "votes_against_last_3_eps": [0, 0, 0], "times_in_danger": [0, 0, 0], "final_n": [18.0, 17.0, 16.0], "confessional_share_rolling_3": [0.0, 0.06, 0.05380952380952381], "elim_risk_rank": [6.0, 7.0, 7.0]}}, {"season": 9, "castaway_id": "US0117", "castaway": "Brady", "won_season": 0, "episode": [1, 2, 3, 4], "prob_win": [0.04929361620541385, 0.056000716129406894, 0.061246098876420484, 0.07576712279528744], "prob_eliminated": [0.04801248638007323, 0.04843031662919026, 0.048801707578011215, 0.0511340630144786], "eliminated_this_episode": [0, 0, 0, 1], "features": {"age": [33, 33, 33, 33], "num_previous_seasons": [0, 0, 0, 0], "votes_against_last_3_eps": [0, 0, 0, 0], "times_in_danger": [0, 0, 0, 0], "final_n": [18.0, 17.0, 16.0, 14.0], "confessional_share_rolling_3": [0.0, 0.08, 0.04, 0.02666666666666667], "elim_risk_rank": [13.5, 14.0, 13.0, 12.0]}}, {"season": 9, "castaway_id": "US0118", "castaway": "Travis", "won_season": 0, "episode": [1, 2, 3, 4, 5], "prob_win": [0.06123826723391373, 0.06644438000174197, 0.0746090632902246, 0.08425582043774867, 0.09224033465272517], "prob_eliminated": [0.06300865238135483, 0.06355698726059068, 0.06404437804070144, 0.06710521875123647, 0.073193406085657], "eliminated_this_episode": [0, 0, 0, 0, 1], "features": {"age": [33, 33, 33, 33, 33], "num_previous_seasons": [0, 0, 0, 0, 0], "votes_against_last_3_eps": [0, 0, 0, 0, 0], "times_in_danger": [0, 0, 0, 0, 0], "final_n": [18.0, 17.0, 16.0, 14.0, 13.0], "confessional_share_rolling_3": [0.0, 0.06, 0.07761904761904762, 0.05174603174603174, 0.057387057387057384], "elim_risk_rank": [5.0, 6.0, 6.0, 8.0, 7.0]}}, {"season": 9, "castaway_id": "US0119", "castaway": "Lisa", "won_season": 0, "episode": [1, 2, 3, 4, 5, 6], "prob_win": [0.04582896057599085, 0.048266638919974604, 0.052112315933512655, 0.06261261489352676, 0.07031277429742158, 0.0793690176975938], "prob_eliminated": [0.06457012534047732, 0.06513204898973302, 0.06563151823041871, 0.06876821233284593, 0.0750072764045633, 0.08512445703751886], "eliminated_this_episode": [0, 0, 0, 0, 0, 1], "features": {"age": [44, 44, 44, 44, 44, 44], "num_previous_seasons": [0, 0, 0, 0, 0, 0], "votes_against_last_3_eps": [0, 0, 0, 0, 0, 0], "times_in_danger": [0, 0, 0, 0, 0, 0], "final_n": [18.0, 17.0, 16.0, 14.0, 13.0, 12.0], "confessional_share_rolling_3": [0.0, 0.02, 0.01, 0.02253968253968254, 0.03296703296703297, 0.04811854811854812], "elim_risk_rank": [2.0, 3.0, 4.0, 6.0, 5.0, 4.0]}}, {"season": 9, "castaway_id": "US0120", "castaway": "John K.", "won_season": 0, "episode": [1, 2, 3, 4, 5, 6, 7], "prob_win": [0.07771981748811378, 0.08007329217445742, 0.08849884161232317, 0.10691827494864099, 0.11492948147746303, 0.12495433788295288, 0.12827129061920658], "prob_eliminated": [0.06148097550422621, 0.06201601572496243, 0.06249158946730519, 0.0654782185354493, 0.07141879466628259, 0.08105195135270223, 0.09482649301283463], "eliminated_this_episode": [0, 0, 0, 0, 0, 0, 1], "features": {"age": [22, 22, 22, 22, 22, 22, 22], "num_previous_seasons": [0, 0, 0, 0, 0, 0, 0], "votes_against_last_3_eps": [0, 0, 0, 0, 0, 0, 0], "times_in_danger": [0, 0, 0, 0, 0, 0, 0], "final_n": [18.0, 17.0, 16.0, 14.0, 13.0, 12.0, 11.0], "confessional_share_rolling_3": [0.0, 0.02, 0.01, 0.07015873015873016, 0.08058608058608058, 0.1108891108891109, 0.0473970473970474], "elim_risk_rank": [9.0, 10.0, 9.0, 10.0, 9.0, 8.0, 6.0]}}, {"season": 9, "castaway_id": "US0121", "castaway": "Rory", "won_season": 0, "episode": [1, 2, 3, 4, 5, 6, 7, 8], "prob_win": [0.04918043895937905, 0.03704599758883851, 0.04387778249220738, 0.03886763311100239, 0.03173878593413401, 0.02355976830862346, 0.021568569905027146, 0.02963864652816225], "prob_eliminated": [0.048232394374488945, 0.05736906284253125, 0.057809001132532324, 0.09763139547740235, 0.10648910038394317, 0.14068657327123063, 0.14139118394094624, 0.13471758971672285], "eliminated_this_episode": [0, 0, 0, 0, 0, 0, 0, 1], "features": {"age": [35, 35, 35, 35, 35, 35, 35, 35], "num_previous_seasons": [0, 0, 0, 0, 0, 0, 0, 0], "votes_against_last_3_eps": [0, 1, 1, 4, 4, 5, 4, 3], "times_in_danger": [0, 1, 1, 2, 3, 4, 5, 5], "final_n": [18.0, 17.0, 16.0, 14.0, 13.0, 12.0, 11.0, 10.0], "confessional_share_rolling_3": [0.0, 0.06, 0.07761904761904762, 0.06761904761904762, 0.0989010989010989, 0.09745809745809746, 0.15936285936285935, 0.17704632532218736], "elim_risk_rank": [11.0, 11.0, 10.0, 2.0, 2.0, 1.0, 1.0, 1.0]}}, {"season": 9, "castaway_id": "US0122", "castaway": "Lea", "won_season": 0, "episode": [1, 2, 3, 4, 5, 6, 7, 8, 9], "prob_win": [0.05120352959189841, 0.057325611159090566, 0.0597104995574746, 0.07144686952968089, 0.07810091108782802, 0.08854833559376303, 0.09931678609855432, 0.11567532768472133, 0.12805155027413545], "prob_eliminated": [0.06399837261443128, 0.0645553205666971, 0.06505036712896253, 0.06815928656943301, 0.07434310524907208, 0.08437070071278271, 0.09870925410313292, 0.10991274397336959, 0.19349684292860198], "eliminated_this_episode": [0, 0, 0, 0, 0, 0, 0, 0, 1], "features": {"age": [40, 40, 40, 40, 40, 40, 40, 40, 40], "num_previous_seasons": [0, 0, 0, 0, 0, 0, 0, 0, 0], "votes_against_last_3_eps": [0, 0, 0, 0, 0, 0, 0, 0, 0], "times_in_danger": [0, 0, 0, 0, 0, 0, 0, 0, 0], "final_n": [18.0, 17.0, 16.0, 14.0, 13.0, 12.0, 11.0, 10.0, 9.0], "confessional_share_rolling_3": [0.0, 0.08, 0.04, 0.058412698412698416, 0.04884004884004883, 0.07914307914307915, 0.10295260295260295, 0.1088470916057123, 0.15473453749315816],