{"model_info": {"features": ["age", "num_previous_seasons", "votes_against_last_3_eps", "times_in_danger", "final_n", "confessional_share_rolling_3", "elim_risk_rank"], "coefficients": [-0.27242320798696595, 0.1803260395963688, 0.06176613285922625, -0.3260852947316448, -0.4651252475434635, 0.2003648989702631, -0.0011262761708435369], "intercept": -0.16059745884315807, "scaler_means": [33.013854679802954, 0.18011083743842365, 0.4747536945812808, 0.43349753694581283, 12.688115763546797, 0.06658638599522287, 6.838977832512315], "scaler_stds": [10.03452133351039, 0.4733134304861938, 1.174955428742165, 0.7943836621578348, 4.130158413259533, 0.055755367713621246, 4.284947067230437]}, "players": [{"season": 23, "castaway_id": "US0201", "castaway": "Ozzy", "won_season": 0, "episode": [1, 2, 3, 4, 5, 6, 9, 15], "prob_win": [0.08664705896178697, 0.10136697537663027, 0.10333203101306103, 0.10760540066102384, 0.10672603369290487, 0.11453725772169972, 0.13765185764314353, 0.2529826495240912], "prob_eliminated": [0.049659252949353555, 0.017572880837965148, 0.01758608922222462, 0.018478867892245985, 0.021769235752816588, 0.02264351377158915, 0.12102090342657829, 0.45177461146146775], "eliminated_this_episode": [0, 0, 0, 0, 0, 0, 0, 1], "features": {"age": [29, 29, 29, 29, 29, 29, 29, 29], "num_previous_seasons": [2, 2, 2, 2, 2, 2, 2, 2], "votes_against_last_3_eps": [0, 0, 0, 0, 0, 0, 5, 14], "times_in_danger": [0, 0, 0, 0, 0, 0, 1, 2], "final_n": [18.0, 17.0, 16.0, 15.0, 14.0, 13.0, 11.0, 4.0], "confessional_share_rolling_3": [0.0, 0.15254237288135594, 0.11681172698121851, 0.11235724327483533, 0.07385546466006236, 0.07063796144255914, 0.14255952380952383, 0.22401315789473686], "elim_risk_rank": [18.0, 17.0, 16.0, 15.0, 14.0, 13.0, 2.0, 1.0]}}, {"season": 23, "castaway_id": "US0277", "castaway": "Coach", "won_season": 0, "episode": [1, 2, 3, 4, 5, 6, 8, 9, 10, 12, 13, 15], "prob_win": [0.0748062101369274, 0.08909854180083261, 0.10298320125086928, 0.10561293764653676, 0.10543125293243465, 0.1123872003285339, 0.15120781754888252, 0.13478358440338187, 0.16788005524826813, 0.21066388060190913, 0.24366511078728745, 0.2536991669574108], "prob_eliminated": [0.053977860754623644, 0.05853323893443035, 0.058577234538732585, 0.061550977301218335, 0.023778215289756405, 0.0247331762810161, 0.02917194230050159, 0.01917749371293553, 0.021570551566635315, 0.023676371553837595, 0.0337931898844713, 0.043602793839794866], "eliminated_this_episode": [0, 0, 0, 0, 0, 0, 0, 0, 0, 0, 0, 0], "features": {"age": [39, 39, 39, 39, 39, 39, 39, 39, 39, 39, 39, 39], "num_previous_seasons": [2, 2, 2, 2, 2, 2, 2, 2, 2, 2, 2, 2], "votes_against_last_3_eps": [0, 0, 0, 0, 0, 0, 0, 0, 0, 0, 0, 0], "times_in_danger": [0, 0, 0, 0, 0, 0, 0, 0, 0, 0, 0, 0], "final_n": [18.0, 17.0, 16.0, 15.0, 14.0, 13.0, 12.0, 11.0, 9.0, 7.0, 6.0, 5.0], "confessional_share_rolling_3": [0.0, 0.13559322033898305, 0.18941823179111317, 0.1722558326883283, 0.13940377158767966, 0.12975126193516998, 0.21101190476190476, 0.15473484848484848, 0.13444976076555024, 0.1011164274322169, 0.16929824561403506, 0.3159420289855072], "elim_risk_rank": [11.0, 12.0, 12.0, 11.0, 13.0, 12.0, 11.0, 11.0, 9.0, 7.0, 6.0, 5.0]}}, {"season": 23, "castaway_id": "US0338", "castaway": "Semhar", "won_season": 0, "episode": [1], "prob_win": [0.06001683808061135], "prob_eliminated": [0.05365222202099083], "eliminated_this_episode": [1], "features": {"age": [24], "num_previous_seasons": [0], "votes_against_last_3_eps": [0], "times_in_danger": [0], "final_n": [18.0], "confessional_share_rolling_3": [0.0], "elim_risk_rank": [12.0]}}, {"season": 23, "castaway_id": "US0339", "castaway": "Christine", "won_season": 0, "episode": [1, 2], "prob_win": [0.04510112051507165, 0.04703289439144535], "prob_eliminated": [0.05732533143024979, 0.062163214226951376], "eliminated_this_episode": [0, 1], "features": {"age": [39, 39], "num_previous_seasons": [0, 0], "votes_against_last_3_eps": [0, 0], "times_in_danger": [0, 0], "final_n": [18.0, 17.0], "confessional_share_rolling_3": [0.0, 0.03389830508474576], "elim_risk_rank": [5.0, 6.0]}}, {"season": 23, "castaway_id": "US0340", "castaway": "Papa Bear", "won_season": 0, "episode": [1, 2, 3], "prob_win": [0.037408511382841465, 0.03944149276270121, 0.04199274829207683], "prob_eliminated": [0.06537361519179476, 0.07089072046452034, 0.07094400437880624], "eliminated_this_episode": [0, 0, 1], "features": {"age": [48, 48, 48], "num_previous_seasons": [0, 0, 0], "votes_against_last_3_eps": [0, 0, 0], "times_in_danger": [0, 0, 0], "final_n": [18.0, 17.0, 16.0], "confessional_share_rolling_3": [0.0, 0.03389830508474576, 0.01694915254237288], "elim_risk_rank": [2.0, 2.0, 4.0]}}, {"season": 23, "castaway_id": "US0341", "castaway": "Stacey", "won_season": 0, "episode": [1, 2, 3, 4], "prob_win": [0.04069802059577531, 0.042703361462948335, 0.03770442925112962, 0.04072415425708809], "prob_eliminated": [0.05973783296851521, 0.06477931510599325, 0.10543441671892664, 0.11078691989023116], "eliminated_this_episode": [0, 0, 0, 1], "features": {"age": [44, 44, 44, 44], "num_previous_seasons": [0, 0, 0, 0], "votes_against_last_3_eps": [0, 0, 3, 3], "times_in_danger": [0, 0, 1, 1], "final_n": [18.0, 17.0, 16.0, 15.0], "confessional_share_rolling_3": [0.0, 0.03389830508474576, 0.01694915254237288, 0.011299435028248588], "elim_risk_rank": [4.0, 5.0, 1.0, 1.0]}}, {"season": 23, "castaway_id": "US0342", "castaway": "Elyse", "won_season": 0, "episode": [1, 2, 3, 4, 5], "prob_win": [0.05686220987598494, 0.0561328830597484, 0.06059663136849842, 0.06820849188398981, 0.07189939838350998], "prob_eliminated": [0.0550054952536565, 0.05964759905964152, 0.05969243225550732, 0.06272278935230083, 0.07389127929516964], "eliminated_this_episode": [0, 0, 0, 0, 1], "features": {"age": [27, 27, 27, 27, 27], "num_previous_seasons": [0, 0, 0, 0, 0], "votes_against_last_3_eps": [0, 0, 0, 0, 0], "times_in_danger": [0, 0, 0, 0, 0], "final_n": [18.0, 17.0, 16.0, 15.0, 14.0], "confessional_share_rolling_3": [0.0, 0.01694915254237288, 0.00847457627118644, 0.02863822326125073, 0.022988505747126436], "elim_risk_rank": [8.5, 9.5, 9.5, 8.5, 7.5]}}, {"season": 23, "castaway_id": "US0343", "castaway": "Mikayla", "won_season": 0, "episode": [1, 2, 3, 4, 5, 6], "prob_win": [0.06218070684920792, 0.06334567875187527, 0.07074228468979134, 0.07697371167707294, 0.08349828121417588, 0.08871013802579011], "prob_eliminated": [0.052766934503612584, 0.057220118432960064, 0.05726312705053416, 0.06017015758833176, 0.07088412306763428, 0.07373091251774089], "eliminated_this_episode": [0, 0, 0, 0, 0, 1], "features": {"age": [22, 22, 22, 22, 22, 22], "num_previous_seasons": [0, 0, 0, 0, 0, 0], "votes_against_last_3_eps": [0, 0, 0, 0, 0, 0], "times_in_danger": [0, 0, 0, 0, 0, 0], "final_n": [18.0, 17.0, 16.0, 15.0, 14.0, 13.0], "confessional_share_rolling_3": [0.0, 0.03389830508474576, 0.043976179569399906, 0.05230595879339304, 0.06569788178983581, 0.04767986377181779], "elim_risk_rank": [13.0, 13.0, 13.0, 12.0, 10.0, 8.0]}}, {"season": 23, "castaway_id": "US0344", "castaway": "Keith", "won_season": 0, "episode": [1, 2, 3, 4, 5, 6, 8], "prob_win": [0.0579006691081821, 0.05491085118815338, 0.06415223717826823, 0.0693875146288597, 0.07390457534143444, 0.08053050994195907, 0.10435279605757748], "prob_eliminated": [0.054550998660797496, 0.05915474592888046, 0.05919920867930851, 0.06220452669647392, 0.0732807342118688, 0.07622377437406935, 0.08990335582872626], "eliminated_this_episode": [0, 0, 0, 0, 0, 0, 1], "features": {"age": [26, 26, 26, 26, 26, 26, 26], "num_previous_seasons": [0, 0, 0, 0, 0, 0, 0], "votes_against_last_3_eps": [0, 0, 0, 0, 0, 0, 0], "times_in_danger": [0, 0, 0, 0, 0, 0, 0], "final_n": [18.0, 17.0, 16.0, 15.0, 14.0, 13.0, 12.0], "confessional_share_rolling_3": [0.0, 0.0, 0.02702702702702703, 0.029512270891581236, 0.029512270891581236, 0.023399014778325122, 0.035654761904761904], "elim_risk_rank": [10.0, 11.0, 11.0, 10.0, 9.0, 7.0, 6.0]}}, {"season": 23, "castaway_id": "US0345",